,superkingdom,phylum,class,order,family,genus,species,tax_id,barcode01A,barcode02A,barcode03A,barcode04A,barcode05A,barcode06A,barcode07A,barcode08A,barcode09A,barcode10A,barcode11A,barcode12A,barcode13A,barcode14A,barcode15A,barcode16A,barcode17A,barcode18A,barcode19A,barcode20A,barcode21A,barcode22A,barcode23A,barcode24A,barcode25A,barcode26A,barcode27A,barcode28A,barcode29A,barcode30A,barcode31A,barcode32A,barcode33A,barcode34A,barcode35A,barcode36A,barcode37A,barcode38A,barcode39A,barcode40A,barcode41A,barcode42A,barcode43A,barcode44A,barcode45A,barcode46A,barcode47A,barcode48A,barcode49A,barcode50A,barcode51A,barcode52A,barcode53A,barcode54A,barcode55A,barcode56A,barcode57A,barcode58A,barcode59A,barcode60A,barcode61A,barcode62A,barcode63A,barcode64A,barcode65A,barcode66A,barcode67A,barcode68A,barcode69A,barcode70A,barcode71A,barcode72A,barcode73A,barcode74A,barcode75A,barcode76A,barcode77A,barcode78A,barcode79A,barcode80A,barcode81A,barcode82A,barcode83A,barcode84A,barcode85A,barcode86A,barcode87A,barcode88A,barcode89A,barcode90A,barcode91A,barcode95A,barcode96A,barcode01B,barcode02B,barcode03B,barcode04B,barcode05B,barcode06B,barcode07B,barcode08B,barcode09B,barcode10B,barcode11B,barcode12B,barcode13B,barcode14B,barcode15B,barcode16B,barcode17B,barcode18B,barcode19B,barcode20B,barcode21B,barcode22B,barcode23B,barcode24B,barcode25B,barcode26B,barcode27B,barcode28B,barcode29B,barcode30B,barcode31B,barcode32B,barcode33B,barcode34B,barcode35B,barcode36B,barcode37B,barcode38B,barcode39B,barcode40B,barcode41B,barcode42B,barcode43B,barcode44B,barcode45B,barcode46B,barcode47B,barcode48B,barcode49B,barcode50B,barcode51B,barcode52B,barcode53B,barcode54B,barcode55B,barcode56B,barcode57B,barcode58B,barcode59B,barcode60B,barcode61B,barcode62B,barcode63B,barcode64B,barcode65B,barcode66B,barcode67B,barcode68B,barcode69B,barcode70B,barcode71B,barcode72B,barcode73B,barcode74B,barcode75B,barcode76B,barcode77B,barcode78B,barcode79B,barcode80B,barcode81B,barcode82B,barcode83B,barcode84B,barcode85B,barcode93B,barcode95B,barcode96B
0,Fungi,Glomeromycota,Glomeromycetes,Glomerales,Glomeraceae,Glomus,Afrothismia foertheriana symbiont,23202,18.89197434,31.95525737,35.55174997,299.0322565,24.34478859,79.7239799,0,44.3181949,15.68025527,22.75481019,24.45040684,0,32.77592965,23.3645901,32.09958084,65.1957077,15.05655377,35.74396535,0,79.1408273,0,59.02106249,30.64719487,32.29299344,15.22774642,0,0,34.05553803,39.30165057,138.4328851,41.2287124,0,39.66911342,14.5531044,49.69948671,48.52812572,21.61100308,31.48218345,25.98186225,16.06934267,29.08659562,20.43458138,0,20.42360685,33.06781031,20.09968756,21.2903631,13.26791721,0,33.15706163,14.74179011,62.2055043,29.34097918,52.59670592,28.53711197,18.19503899,0,54.3614792,0,17.99408159,26.03865662,0,37.10186097,0,27.04002048,13.74008137,12.27701965,63.34290647,28.6835514,0,41.87609096,58.7529802,49.2019315,16.10407995,20.70906014,29.86773889,14.38906888,151.5150154,29.08034213,83.5677792,48.45226958,15.16192521,167.0724124,27.0072478,73.88235135,34.39512277,25.7995908,34.61692774,39.11470695,19.08670601,44.73310754,0,765.6832063,51.11614655,23.38330754,13.1664231,37.64442567,104.5041238,64.99931756,49.63902247,15.9753787,35.42931589,18.67467895,35.16483238,23.43259094,60.47464451,36.80863482,43.39571336,206.2263079,0,19.34770829,55.75846834,49.79020971,14.19211084,119.9408666,32.22442169,32.05997155,21.90805379,26.09173991,33.64133294,29.41540024,37.21206104,12.37931704,43.35279457,14.45996903,39.12923977,29.07522403,22.89532997,81.9991955,22.09172267,21.67679687,27.42997993,46.61337923,0,23.56462092,41.85962736,33.99692945,0,0,0,51.72474481,25.89200689,30.26278857,20.60133816,21.19180358,36.7589694,47.56251453,114.5608938,90.87880363,20.49532698,31.8586729,37.52228187,74.74069725,17.71898307,47.28210672,36.01965493,37.18529142,49.69004503,38.40198858,45.79469721,30.08214393,41.89501006,0,0,44.81664522,21.995059,32.96811088,41.67365114,181.2429943,60.83182455,31.04198979,141.6465612,29.30480588,56.13909981,99.28971546,0,0,0,0,0,592.1818732
1,Fungi,Glomeromycota,Glomeromycetes,Glomerales,Glomeraceae,Glomus,sp. 1,23370,14.94861134,52.17401584,42.49768302,441.6986771,39.57290879,95.13419132,23.560171,59.39915335,14.00936814,56.8403639,45.1662353,34.99328232,50.10244389,36.29200156,51.91713355,67.6486638,12.8627546,36.89117664,40.02126651,119.705678,30.07513959,44.72816992,51.62285196,35.53316096,28.63607222,0,46.5188851,33.04642132,70.81022897,144.3766087,34.49840507,20.41293327,60.75631776,46.81597955,67.84978476,26.59144539,38.86481697,28.28078004,31.40026539,22.90216285,27.63787929,51.95813143,0,20.56541425,29.15659232,43.33121572,33.9097849,14.50571744,22.53382641,50.2158646,15.16467286,96.52534638,29.66910489,45.9023511,93.81395323,28.0802759,16.97725723,48.36176616,29.80294761,80.03765153,37.8498131,21.25024901,77.7365682,27.15968861,48.87099245,19.57913615,52.95880927,68.18638728,44.28915402,26.53985122,55.78943591,42.62932932,57.44899759,29.58711385,78.22293223,103.3493132,27.3630984,206.7902856,60.52747039,54.05866724,48.94683745,38.65794139,138.8799287,40.36366225,103.7745945,40.99377317,43.06438322,39.89622526,32.56005718,19.97367916,79.65802394,37.09360748,400.3554141,75.08737932,38.13675662,14.45049272,69.05482336,209.3090308,70.411017,206.3896386,38.21569689,30.50668823,20.58173668,77.11250195,29.22679981,64.70374635,45.99803457,67.34647914,215.5076671,47.97763309,19.9248801,80.81337154,126.5470863,16.32612072,79.81321555,20.1647042,34.85591894,37.43625506,35.38158727,53.73826916,53.38850321,38.92696907,15.53456245,38.70788298,19.66412386,163.1913175,40.9275866,33.4399225,101.6649754,26.97526053,23.40535065,31.6247392,48.68132556,23.24540533,77.11931468,34.35675609,37.48661455,29.79431737,26.90760445,33.13725099,65.25681272,37.10646071,44.81316599,39.86416967,39.24633656,72.53990802,121.8232443,140.4697018,68.97720438,18.93757248,18.34551928,34.70787215,70.83010918,18.94131096,68.5374561,40.76267841,62.60175306,287.7229909,77.01605536,81.3765363,44.38447613,71.79246517,17.79646117,21.81668322,45.46880627,26.21864769,31.43921373,26.45497825,768.6009095,85.73891093,56.97577711,297.9947347,53.65045275,44.4018014,103.6155465,0,0,0,0,11.60275258,329.6336385
2,Fungi,Glomeromycota,Glomeromycetes,Glomerales,Glomeraceae,Glomus,sp. 2,23386,21.83234569,68.84610952,0,550.1413287,55.44803346,104.6265578,15.09103978,73.65728039,18.19506547,43.17310879,71.73263361,23.09349857,42.96846752,37.40976314,56.33197137,89.66817196,27.98852032,40.9013561,31.47966825,108.4136495,15.56112568,59.5561564,55.73223121,48.60107332,26.04706762,0,67.95946138,38.37677077,68.08085527,96.21410555,58.98631855,0,77.24878829,46.08066461,53.84984042,41.92766032,37.23629145,25.53338925,41.94741046,25.98780492,46.81464862,49.33093063,29.01260734,0,30.28624467,38.90913516,44.58156308,24.39694557,0,87.69199834,11.2247204,97.44711876,36.79208005,53.92129755,101.8907392,21.80579439,19.25536416,41.95252705,0,41.10051414,0,20.44840198,94.04677362,37.26355175,41.19885762,31.83303812,36.23267263,86.62621676,43.71486123,22.45046682,23.39809437,42.97835691,57.1984077,31.59432564,95.83309994,88.40417131,21.12909187,219.3044141,62.46968276,68.66113991,56.48972224,20.83382137,134.5702004,31.45600004,110.913654,52.60048508,28.39252425,37.00191923,49.35980353,26.25919172,59.77941184,36.64112618,419.5256,87.0009582,34.44095916,16.41807695,80.12471627,177.2502463,67.07723,282.1016088,28.23501928,36.70499881,20.30336162,77.10995284,34.66950865,61.65413196,67.59611759,77.39251833,264.9161336,46.89481812,21.64468726,72.3073112,128.8529432,16.97912643,82.07537232,28.05934724,29.28919957,39.84768103,35.53817922,43.8793426,55.9438686,56.48174862,20.44672227,52.40406475,13.18756203,155.3387272,19.90498739,26.35970965,112.1420692,29.15269616,22.86466863,33.10419412,43.57735344,28.03593145,76.62447971,35.34564894,29.80612762,0,0,38.15038328,72.37467864,19.88776897,51.58776512,51.33127786,50.37003127,65.14527696,139.5785613,132.5827025,84.81891799,25.40257228,23.94759698,58.51348892,63.64609109,13.75303948,62.13102039,71.19166366,77.48249505,291.8745133,98.01424834,69.16495957,33.28559956,57.27714419,17.44951694,31.84425216,54.60249124,26.4917586,25.80883174,28.47942174,731.8541688,61.59108251,56.60980591,294.517286,70.55894408,63.01590603,81.57136034,0,0,0,0,12.02832889,371.1343069
3,Fungi,Glomeromycota,Glomeromycetes,Diversisporales,Diversisporaceae,Diversispora,spurca,23322,0,44.8789527,0,444.2177996,0,50.17952503,0,0,0,190.4679781,0,0,51.95263564,0,0,0,0,0,14.50634724,28.07308536,0,0,0,0,0,0,62.88230872,0,0,0,0,0,0,0,16.08533206,0,20.80524682,15.7500384,0,0,0,0,0,0,0,14.78736315,15.49116822,0,0,164.4359556,0,0,0,67.16240232,20.4504842,0,34.21373948,0,89.08249714,13.39028208,0,0,201.0263874,0,28.6473232,0,0,56.08597761,0,0,0,0,0,0,24.42651011,86.94134557,0,130.5542741,0,0,0,0,0,0,0,0,0,0,0,0,35.22996825,0,0,96.02759352,15.63473357,34.17994833,0,0,15.23290648,18.96255113,0,0,19.74188278,0,0,0,0,0,0,0,0,0,0,0,38.63559967,0,0,0,0,0,20.68351721,0,0,87.78415347,0,0,0,0,0,0,0,0,127.2341647,20.52625578,15.62690792,0,0,0,0,0,0,0,0,0,0,164.8699697,0,0,17.42104836,0,0,20.77827833,15.01098169,0,0,22.26421835,0,149.5959021,17.05484172,25.99214161,0,0,0,0,0,0,0,0,20.06398665,0,94.29032288,188.1402893,0,0,0,0,0,0,0,0,0
4,Fungi,Glomeromycota,Glomeromycetes,Diversisporales,Gigasporaceae,Scutellospora,projecturata,23319,0,27.30106662,0,507.0141377,0,47.39981117,0,0,0,39.97559382,0,0,48.91832194,0,0,0,0,0,0,29.99031142,0,0,0,0,0,0,0,0,0,0,0,0,0,0,0,0,0,0,0,0,0,0,0,0,0,0,0,13.56127047,0,29.14438125,0,0,0,44.31113299,0,15.95680141,0,0,0,0,0,0,26.54000371,0,16.85145043,0,14.36286732,33.2828598,0,0,0,0,0,0,0,29.79195507,17.3304934,0,0,0,17.99432724,0,23.63557732,0,0,0,0,0,0,0,0,0,0,94.36910036,25.64592034,0,0,16.259172,0,0,0,0,0,12.38241823,13.96571606,17.16382231,0,0,17.32817436,0,0,0,20.48382577,0,23.62456668,0,0,16.44600436,0,0,21.47866566,0,0,0,0,0,0,0,0,0,19.96705274,0,35.30775835,0,0,0,0,0,0,0,0,0,0,0,0,52.00783354,0,22.75446552,0,0,0,37.25959156,0,0,13.74056934,17.3673775,0,45.84096767,0,31.05447719,0,18.59779687,0,0,0,0,0,0,44.84301318,0,17.99461378,98.33115331,18.91704629,0,0,0,0,0,0,0,19.42071784
5,Fungi,Glomeromycota,Glomeromycetes,Glomerales,Glomeraceae,Glomus,Arachnitis uniflora symbiont,23212,0,37.5397643,0,0,37.43303941,50.65676952,27.06243972,16.82231176,0,0,131.5661411,108.9031542,0,24.54831841,0,0,0,24.14593184,86.8071217,64.27438351,0,0,34.18999397,69.21485417,0,0,15.48367596,92.51195788,0,0,113.4849995,103.0907878,53.72713762,0,22.95834294,38.17467122,0,20.99598621,112.3966567,81.44786422,33.14404814,35.28142187,30.53705156,19.65533915,34.11265718,18.99049213,16.25707183,22.42474254,0,54.75887221,21.37237456,33.10875928,29.09888646,14.52184099,26.22692882,0,0,19.14366194,0,92.29995865,0,0,18.32522421,108.4381887,0,26.56801241,27.0088357,37.04852916,31.25633471,0,25.00795673,61.47683534,0,26.59407891,0,25.34260124,23.9179745,0,135.730876,18.46910015,81.834755,0,85.83386076,0,0,57.96435279,20.81718361,70.71651595,147.6824604,16.0942279,0,0,0,0,40.94189953,15.63725179,44.75152887,0,43.00988132,0,83.98167037,0,0,40.42662823,50.37461117,145.5865365,0,26.7474388,0,33.58322697,27.85327153,0,355.9238702,49.57302048,0,0,0,69.94575041,40.47974041,0,55.16810564,41.83807289,0,0,16.2557577,40.75007737,14.81703471,39.87390073,45.95044401,18.73800704,0,0,18.56534111,0,20.02863765,22.83326513,0,0,0,0,17.71153761,0,55.1260538,0,48.98390549,29.89691427,65.81975751,31.46925729,0,23.15166903,18.02185917,0,13.1420905,16.4753442,0,0,0,19.27853984,0,22.4025926,20.77867583,27.57761205,0,0,22.52264465,0,17.78874379,0,99.73478267,0,0,0,27.26496247,0,0,0,0,0,0,0,0
6,Fungi,Glomeromycota,Glomeromycetes,Glomerales,Glomeraceae,Glomus,proliferum,23191,0,30.04227153,69.60602541,60.07475944,45.58698086,37.92063408,0,80.78232185,16.97376107,18.01209365,101.7303624,28.90635233,76.00147693,0,22.18335749,24.79757198,0,59.01415596,0,77.49091921,0,0,27.40426144,68.69244656,21.10515216,0,26.89455703,74.55871348,31.07504222,22.6417819,87.00259972,29.32600495,47.40296507,19.92843503,15.51399581,32.22964052,15.59072714,32.22237491,48.50334694,16.86246329,43.94652246,31.68027751,0,52.54119402,74.05517913,14.18718368,43.5187393,25.2739638,24.47216525,44.16291158,14.29722983,57.79221393,123.1513808,90.93006673,131.3296618,0,26.25891384,20.26884195,24.07959358,23.03335329,0,37.41469459,154.8346141,38.04774886,81.07942152,26.00675001,14.06203503,32.51246306,15.83921429,23.9025315,0,53.13742614,0,44.14035645,0,36.15199564,22.3128326,42.42123957,41.58755368,27.09300742,38.07792769,26.58848538,105.7748737,26.01292192,17.36580811,55.5893364,27.97874031,38.45594698,65.24224529,0,15.65412749,0,27.11054538,24.79423086,39.6459729,44.78646131,46.86746712,15.38180443,121.408544,18.40551038,31.10691232,19.73975932,62.65842531,85.80822526,48.47080713,70.25434556,22.78473432,18.39426818,19.41171244,67.03357973,24.23375957,24.62019736,163.4886783,35.43840238,25.57284574,35.41113254,101.1053912,27.67266,143.6225774,53.86360212,111.1757076,98.65951036,0,89.56377304,30.00851987,27.68731903,66.33016969,26.01614984,31.58676915,15.30255776,0,0,33.42320173,32.33048017,42.54817817,20.29946608,29.84918288,41.6682061,16.05973863,29.87195368,20.0780247,0,28.55345754,17.57697436,34.92238743,34.63838181,49.9977447,21.39631347,25.81624901,0,12.69667557,38.91496032,14.85583961,0,20.36814629,40.54866068,18.91032599,42.84297653,19.33828903,33.61025373,39.47729636,43.04627732,0,0,30.63637309,0,15.07363403,20.78349454,101.1648714,0,54.0026505,45.45672502,13.33193203,29.61285328,0,0,0,0,0,0,20.74564002
7,Fungi,Glomeromycota,Glomeromycetes,Diversisporales,Gigasporaceae,Scutellospora,pellucida,23312,0,15.5427325,14.39063083,12.49410524,18.55740977,21.59882294,0,11.29599111,0,0,27.41864376,0,0,18.7836546,0,0,0,0,16.93848869,53.12136147,0,0,13.09838906,18.04578411,0,0,0,0,27.16482454,16.68724743,16.38824049,0,32.98551863,14.04300874,21.36507565,0,0,0,18.01058826,0,0,15.81014209,0,0,0,17.12855564,16.51344507,14.83971087,0,17.0278754,0,13.9457913,0,17.19693242,0,0,0,0,0,0,0,17.87931015,33.02403233,16.69641111,14.06566741,0,11.84977189,0,22.4773954,0,0,12.2406192,0,0,0,41.23619884,0,15.69946111,22.22386307,26.51558267,23.62242116,0,14.75820468,0,16.65255861,0,0,0,0,0,0,15.4094793,52.8867719,0,0,0,41.05126096,0,18.24793221,0,0,0,0,22.29913853,0,32.3023823,0,16.6129236,0,0,0,19.71315166,20.69710013,0,0,0,0,19.21395839,15.68742907,0,12.70656494,23.28974866,26.40119803,0,0,13.50869187,0,13.29985273,16.16254292,0,0,14.83729202,0,13.33912218,12.35002003,0,0,0,0,20.85015991,13.2460564,12.29712167,16.34324903,0,20.04623933,0,18.94663436,29.02853751,14.16910822,0,0,27.19765248,21.56867783,0,18.04246023,38.27729676,0,24.52442403,14.94677058,19.57074178,21.20158343,30.93279896,0,0,26.74781,0,0,14.76103956,18.28019812,0,20.16882078,43.9318727,20.53345963,0,0,0,0,0,0,0,37.97379464
8,Fungi,Glomeromycota,Glomeromycetes,Diversisporales,Acaulosporaceae,Acaulospora,sp.,23296,0,24.39967651,0,17.76232704,18.45463653,34.11494976,0,0,0,24.22438465,24.80737208,0,0,19.04774081,0,0,0,0,17.274526,562.8926427,0,0,0,0,0,0,21.505832,0,0,20.238148,0,0,29.46494346,0,28.44944321,0,0,17.42916902,24.0993023,0,0,0,0,0,17.996515,16.73306385,21.05863073,20.09824237,0,23.62608987,0,0,0,0,0,0,0,0,0,17.42944708,0,23.11419362,36.77396711,46.07749194,0,0,0,0,0,0,0,0,26.51535114,0,0,394.7868302,0,29.11318804,20.70679312,0,0,0,34.5755259,0,0,19.24279968,0,19.23276452,0,18.78640749,30.75958164,20.25482985,18.81637497,0,0,0,27.19734582,0,0,28.34080184,0,0,0,40.29070989,0,0,0,14.03660579,22.33068157,0,0,39.86395584,0,0,0,0,0,24.89522286,28.51319322,0,0,0,0,23.62948514,0,24.30033568,0,19.58410584,0,0,0,0,20.03543153,0,14.43329679,14.41442103,15.1209843,0,0,37.3141419,21.10731125,51.14811478,0,24.30800645,0,28.31460314,0,70.2510455,16.09700705,0,0,43.4102689,0,0,27.54085692,80.50802618,0,41.6431687,115.2171691,115.7221797,0,58.60035542,0,0,0,0,0,0,38.33588764,0,23.82662238,353.6398144,0,0,0,0,0,0,0,0,0
9,Fungi,Glomeromycota,Glomeromycetes,Diversisporales,Diversisporaceae,Redeckera,fulvum,23321,0,13.05576001,0,0,0,20.16496864,0,0,0,0,0,0,0,12.27040875,0,14.56113447,0,0,0,22.60990106,0,0,0,0,0,0,0,0,0,0,0,0,14.27461586,0,0,11.9819371,0,0,0,0,0,0,0,0,0,0,0,0,0,0,0,0,0,0,0,0,0,0,0,0,0,0,19.2178716,0,0,0,0,0,12.15731419,0,0,0,0,0,0,18.59835153,13.5343145,16.79363402,17.88974366,17.73006978,0,0,12.42891927,0,0,0,0,0,0,0,0,16.57268006,36.1867595,0,0,0,19.57814103,0,16.86958626,12.77372808,0,0,0,0,29.52648268,0,0,17.30713145,0,0,0,0,0,0,11.1780357,0,0,0,16.68764572,0,0,0,20.04129516,0,0,26.16659625,0,0,11.73725184,11.99046952,0,0,0,0,0,0,0,0,0,0,15.73358398,11.34029409,0,0,15.65823458,0,0,19.31290588,0,0,0,18.04368944,0,0,0,23.54095232,0,13.17903814,0,18.30176485,0,28.68707864,0,0,0,0,14.94933282,0,24.34025576,0,0,26.18729617,0,0,0,0,0,0,0,0,42.443818
10,Fungi,Glomeromycota,Glomeromycetes,Glomerales,Glomeraceae,Glomus,sp. 3,23168,0,19.89257799,13.42689556,0,29.74599948,17.87549831,26.28008516,19.67002642,27.17126264,0,204.6995489,133.132394,13.99592002,30.99851891,0,0,0,61.41661838,11.87604427,27.96148495,0,0,38.71500979,55.80567224,0,0,0,135.2162127,0,0,194.7474663,188.1222648,39.50866951,0,0,37.74137613,0,29.79898739,221.6148758,152.7861637,105.4432109,25.76206707,19.57528484,46.335074,48.00904453,12.7647857,18.75475921,31.96583702,0,20.22807654,17.34422928,47.83076302,47.82097445,40.950129,31.28019354,0,0,11.876974,18.3509542,16.18700125,0,11.9850583,21.40329658,11.49053763,43.63051711,23.41898925,0,0,0,0,16.29942471,27.80951979,0,26.56916665,0,16.6667659,29.58730528,0,79.599044,28.18472289,62.55870925,0,85.58871714,10.48313884,0,62.98253933,22.15368513,62.00360339,210.5531059,17.28549197,21.54231781,0,0,0,35.57092422,11.85048668,19.33022345,13.05648348,53.74909034,0,89.65372781,20.35534642,12.16384157,58.89634314,26.62778399,222.454339,0,27.41595508,0,76.57834224,15.6649657,0,544.7587307,56.5992577,59.10169512,0,0,116.4339262,67.29665574,14.4205219,74.01017661,27.04014596,0,17.71678646,0,0,36.2962033,20.72598676,21.97861657,22.6987617,0,0,0,0,10.79694743,0,0,0,0,0,11.7842713,0,59.25472841,0,81.31706111,13.42556882,96.61926403,0,0,0,0,0,0,0,0,0,0,0,0,14.8820889,0,17.15319994,0,0,28.65834039,0,0,14.41902781,0,0,12.47806229,0,20.73622914,0,0,0,0,0,0,0,0
11,Fungi,Glomeromycota,Glomeromycetes,Diversisporales,Acaulosporaceae,Acaulospora,sp.,23371,0,25.61867839,14.28922532,23.58122852,21.46411051,15.77140616,0,22.25978037,0,0,20.05880363,14.06893162,0,22.54354083,0,22.60849687,0,0,16.74418108,71.70133623,0,0,15.00055081,12.99040253,0,0,13.23126543,0,15.89997017,14.60144117,22.05238482,0,23.00953615,30.88038635,28.98771354,0,19.42480318,13.10339268,10.82596763,0,0,0,0,0,11.13172651,16.10899996,0,0,0,19.03814567,10.96495667,0,13.22245661,0,0,0,0,0,0,25.56880957,0,25.32649289,61.50135552,18.20804648,19.26093452,0,0,14.56486068,13.79181487,0,0,0,17.4814442,14.6589032,0,60.97328529,18.61922943,31.01848508,30.7496068,26.38024453,19.39988843,0,26.65093356,0,15.76518141,0,0,12.10367945,23.94713011,11.57533169,23.41937222,26.05583542,114.2405855,0,0,0,50.98174739,29.17758969,0,32.6066015,18.99769975,0,0,18.87459142,15.76607423,17.72527232,18.45341799,20.18920289,0,27.62386579,0,24.58255527,15.11786351,0,16.13551468,12.18115051,12.31234089,0,17.22441216,13.61820673,21.40445865,19.54273335,24.4741197,20.30998768,13.01644911,26.26426942,0,11.05968698,20.77152447,15.16163232,0,16.73761335,0,19.33124399,0,15.18237618,0,0,14.23894139,19.30993678,22.68386874,0,21.5596066,32.51048882,18.61466995,16.74673151,25.5156184,24.49358315,14.82886646,0,17.11198318,26.67639003,27.51482603,0,14.82880879,40.53180654,15.91626367,56.83342714,28.52528173,45.370951,21.81876284,44.04245016,0,13.34395996,20.5512694,0,19.19215898,0,47.80387691,0,15.50864808,65.03274359,29.62554204,17.93132234,61.24567424,0,0,0,0,0,71.43325738
12,Fungi,Glomeromycota,Archaeosporomycetes,Archaeosporales,Archaeosporaceae,Archaeospora,trappei,23307,0,13.73107605,0,19.20349313,78.79626438,30.55948488,0,21.3245296,0,13.7913808,41.90606648,18.1080319,14.97164345,24.92621789,0,0,0,0,36.55866732,86.01279535,19.22750673,0,13.73817879,20.08356318,0,0,19.30019233,15.38468818,36.82341495,14.33784333,21.95240606,0,40.75544256,16.8704797,24.83728615,13.85441533,21.0303596,0,24.06430614,0,0,0,0,13.20776205,20.42872787,20.20296008,14.18167867,17.41092787,0,23.51298056,19.41016934,13.54430761,14.90648049,35.65156457,15.51605442,0,0,14.74102072,0,25.8730313,0,17.77871103,67.01079597,37.41452122,29.20361734,0,0,12.73002537,20.38099882,14.84535009,0,0,17.04424869,27.23593941,0,93.95084005,17.17412071,31.5358362,53.29230183,34.75516369,14.51893724,12.92796823,40.53037528,18.71173712,16.48780398,22.8891542,0,20.15580107,0,13.44677283,19.48895906,22.14694776,58.62642785,0,0,0,41.32039066,23.39177861,19.59969802,57.09543401,19.20562848,0,28.65168493,32.72817526,11.74347882,23.21833589,0,15.09630078,0,27.20976655,0,30.16513983,27.62571895,16.45820859,60.50018162,12.51088726,12.23978685,44.18237373,30.22279789,13.48647695,54.78397011,35.89335475,32.82009684,49.91113838,18.87918705,25.66410742,0,31.28376509,29.19503417,20.42846502,11.96414216,0,13.59871579,13.59611325,23.92624645,12.95373344,0,0,13.19765696,18.72483284,19.97561578,13.86301217,28.67994045,40.98160074,27.09693051,19.17888472,38.0987016,30.36118821,22.46198217,34.0705572,23.97378271,22.0338537,26.22829466,0,29.5395765,36.33435507,0,60.54672225,37.00761117,33.3835076,28.71800805,31.38579436,0,0,23.55090441,0,25.78883293,16.36799175,47.07212329,0,22.6506881,62.07294971,27.57581024,16.66697327,34.72615062,0,0,0,0,0,55.77362365
13,Fungi,Glomeromycota,Paraglomeromycetes,Paraglomerales,Paraglomeraceae,Paraglomus,brasilianum,23303,0,30.20064279,0,0,0,0,0,231.4520192,0,0,20.63422111,0,19.91104046,0,11.40806632,22.43777264,0,0,0,17.45141649,0,0,0,16.84447905,0,0,0,13.29999953,0,0,0,0,0,0,0,0,0,16.04374603,0,0,0,0,0,86.55800139,14.7828005,37.03771447,0,0,0,0,0,0,57.38357084,132.8282693,124.787335,0,0,18.46480068,0,0,0,0,0,0,14.23196317,0,0,16.61129,0,0,0,63.97980702,0,0,0,14.76477285,0,0,0,51.33686144,0,21.61669042,0,0,0,45.69720349,0,0,50.33003443,0,0,0,0,0,10.52828829,0,0,0,0,0,0,0,0,0,47.30159723,0,0,0,0,0,0,0,0,0,0,0,0,12.9450155,0,0,17.19715975,0,0,0,0,0,0,49.67524256,36.71051639,0,0,0,0,0,0,0,131.2931923,0,0,0,14.52729892,0,0,0,33.00865335,0,0,31.5903603,33.75851061,0,0,0,43.89614843,0,0,0,0,0,0,0,0,12.43376339,0,0,38.2515506,0,25.35320013,0,0,0,0,0,49.51692471,0,0,0,0,0,0,0,0
14,Fungi,Glomeromycota,Paraglomeromycetes,Paraglomerales,Paraglomeraceae,Paraglomus,laccatum,23333,0,24.86211946,0,0,0,0,0,234.2442375,0,0,0,0,24.91394988,0,12.45764167,13.10332127,0,16.26921268,0,14.69318664,0,0,0,0,0,0,0,22.89668151,0,0,0,0,0,0,16.68417772,0,19.53654085,0,0,0,0,0,0,74.3175256,14.49385348,30.0204402,0,0,0,0,0,0,50.40188867,132.1603933,104.7084129,0,0,18.63392909,0,0,0,0,0,0,16.91875815,0,0,35.7008544,0,0,0,63.32887027,0,0,0,0,0,0,0,69.55643483,0,19.87289472,0,0,0,44.23174978,0,0,69.02039654,31.77992472,0,0,0,0,10.52690793,0,0,0,0,0,0,0,0,0,58.71532707,0,0,0,0,0,0,0,21.98996793,0,0,0,0,0,0,0,18.06846001,0,0,0,0,0,17.84606966,48.2342177,32.08316892,0,0,0,0,0,0,13.38710131,145.9049533,0,0,0,13.50247672,0,0,0,33.73557667,0,0,38.3569598,35.38107158,0,0,0,46.9213829,0,0,0,0,0,0,0,0,17.8616465,0,0,43.59946976,0,16.24869221,0,0,0,0,0,32.20269527,0,0,0,0,0,0,0,0
15,Fungi,Glomeromycota,Glomeromycetes,Glomerales,Glomeraceae,Glomus,mosseae,23163,0,0,22.99456038,66.05214299,0,23.25031883,0,0,0,0,127.7454607,0,168.398942,0,0,0,0,0,0,31.31109958,0,0,0,18.07498207,0,0,0,0,0,25.00086272,104.3736414,0,0,18.520999,0,12.87042562,0,0,0,0,0,0,27.95602734,0,0,22.85695707,0,92.46543734,0,0,0,0,0,200.9225806,0,0,44.5187918,18.6477655,0,0,15.75857143,40.61361334,25.98137233,145.8506185,182.4397291,0,0,19.18696666,0,0,0,30.98237775,0,88.66623902,0,0,0,0,282.8187665,0,0,16.35813945,0,0,36.06605311,0,0,159.955828,39.46035361,0,14.73246736,0,0,27.79089679,0,42.01942612,0,22.44192743,0,0,23.11873551,0,71.29765749,15.54280499,0,16.37556027,0,0,0,58.28703445,71.51651694,0,76.71638593,19.16063307,613.5500346,29.23343694,39.58814136,230.5586475,51.87105113,25.20742536,69.91961092,0,0,209.112472,0,27.5040551,31.51897966,102.3542503,73.20701932,59.86514407,34.20561294,0,20.87854802,0,0,25.93959272,0,0,36.15918564,0,0,0,21.4754095,0,0,14.42776445,110.4110537,14.77752249,0,46.58247191,0,0,0,0,0,16.33781347,72.77267385,20.72192229,0,0,0,14.70629462,0,0,0,37.02489039,75.17307497,0,0,0,0,56.67037357,0,0,0,0,0,0,0,0,0
16,Fungi,Glomeromycota,Glomeromycetes,Glomerales,Glomeraceae,Glomus,coronatum,23324,0,0,17.03914929,84.70678475,0,23.91876634,0,0,0,0,122.1748485,0,145.283717,0,0,0,0,0,0,36.40959623,0,0,0,0,0,0,0,0,29.13271921,0,83.996399,0,0,17.3765046,23.85515141,21.50653238,0,0,0,0,0,0,16.09041857,0,0,0,0,107.1207093,0,0,0,0,0,173.0258104,0,0,24.51836841,20.9145653,11.45597972,0,0,37.34701538,22.24105287,119.8009111,183.4326057,0,0,16.17341356,0,0,0,34.7942878,0,125.6996976,0,19.80993588,0,0,261.3195103,0,0,29.43748927,14.82237389,0,31.21612076,0,0,135.4837481,33.57337609,19.1270691,28.13700952,0,0,34.72847429,0,37.00394846,0,0,18.06969027,0,18.84374752,0,69.07589249,22.53157578,0,27.74504213,0,0,0,43.83863224,72.32500975,0,48.96819441,19.01380395,571.3413457,34.74911966,42.46733642,189.1574118,34.09637065,0,44.9185956,24.73752003,0,213.1504941,0,0,24.9189711,61.79900919,57.72861809,54.99605565,22.09159695,0,24.14613647,0,0,0,0,0,40.42363619,0,0,0,12.09216533,21.91027504,30.48393466,12.01947656,123.1659192,0,0,51.04076843,0,0,0,0,0,0,49.14022901,0,0,0,0,0,0,0,0,25.91877626,81.31165288,0,0,0,19.07494791,44.79364371,0,0,0,0,0,0,0,0,0
17,Fungi,Glomeromycota,Glomeromycetes,Diversisporales,Diversisporaceae,Diversispora,trimurales,23388,0,0,0,48.18820775,0,30.29440404,0,0,15.97734273,0,0,0,21.66129093,0,0,0,0,0,0,141.5799248,0,0,0,0,0,0,0,0,0,0,0,0,0,0,0,0,0,0,0,0,0,0,0,0,0,0,0,0,0,0,0,0,0,16.99131068,16.9467735,0,0,0,0,0,0,0,55.37687392,0,0,0,0,0,0,0,0,0,0,0,0,141.0526365,0,27.30022187,0,0,0,15.38487933,15.33330519,0,0,0,0,0,0,0,0,0,0,0,0,0,0,18.97573935,0,26.10929957,0,0,0,24.70565283,14.74415047,0,0,0,0,0,0,16.27327989,0,0,27.32160844,0,0,0,0,0,16.95329878,0,0,18.38024176,0,0,0,0,0,0,0,0,24.23297249,0,0,0,13.64398077,0,0,0,0,14.14444726,0,25.66467702,0,13.10911364,0,31.96195969,14.15177288,0,0,0,34.44269575,0,0,23.19403136,0,30.89783622,45.20375332,17.60322529,0,0,0,0,0,0,0,0,21.49111725,0,0,112.8356937,0,0,81.23251875,0,0,0,0,0,0
18,Fungi,Glomeromycota,Glomeromycetes,Glomerales,Glomeraceae,Glomus,Burmannia hexaptera symbiont,23256,0,0,0,13.32379921,0,14.42056067,0,0,0,0,15.05809078,14.57808312,0,15.50354795,0,13.96020519,0,0,0,21.10793438,16.40857631,0,16.57702451,0,0,0,36.0901553,0,0,0,0,0,279.3971886,0,0,0,0,12.00261404,11.31973,28.71051323,0,0,0,0,0,0,0,27.02484073,0,13.50658774,12.13740171,0,12.33783484,0,0,41.90170442,0,0,0,0,0,0,25.6850853,13.49217909,0,19.9848957,0,0,12.03586594,16.02258192,0,0,0,0,0,18.92740635,0,0,13.50458498,0,0,0,20.98867971,0,0,0,0,19.05233789,0,0,0,0,35.15273351,0,0,0,18.00960542,14.91072049,10.33882239,0,16.63250893,0,0,193.705172,0,22.5392279,0,14.07572469,0,0,0,0,12.52443684,0,16.17194527,12.44956773,0,12.6380472,0,0,21.3659376,225.4425387,0,0,54.76288222,0,0,0,13.93661758,0,0,0,0,17.45742728,161.3797622,0,0,0,0,16.30294445,15.52307959,0,18.16844738,16.9632134,0,0,24.48572092,21.81009853,12.56112934,0,0,19.38704468,12.82781011,0,17.17593319,23.08604357,0,17.71161788,0,15.81987265,0,29.12880391,12.95664208,0,0,0,0,0,22.40522165,0,0,23.49628064,18.63598272,0,0,0,0,0,0,0,33.3874115
19,Fungi,Glomeromycota,Glomeromycetes,Glomerales,Glomeraceae,Glomus,clarum,23323,0,0,0,0,19.73361315,0,0,0,15.27790551,0,0,0,0,0,0,0,0,0,0,0,0,0,15.12684266,0,0,0,0,0,0,0,0,0,16.60595423,0,0,0,0,0,0,0,0,29.59731022,0,14.49216574,0,0,0,0,0,0,0,12.4371721,0,0,51.43519514,0,0,0,0,15.18159642,0,0,20.480929,0,0,0,0,0,0,0,0,0,0,0,0,0,0,25.23451981,16.14673024,0,0,0,0,0,0,0,0,0,0,0,0,0,12.98284513,0,0,0,0,13.06140217,0,49.67792534,0,0,0,23.64031339,0,0,0,0,0,0,0,0,11.98635991,0,0,0,0,0,0,14.78534068,20.6518019,0,0,16.66226431,0,0,0,0,0,0,0,0,0,0,0,0,0,0,0,0,11.88737356,0,0,0,0,0,12.8436476,0,43.76211378,0,0,0,0,0,0,17.37969435,77.24361603,11.67242402,0,0,25.9232134,0,0,0,0,0,0,28.61820483,22.00397764,0,30.9606425,35.0649454,14.78979499,0,23.65366696,0,0,0,0,0,19.41921213
20,Fungi,Glomeromycota,Archaeosporomycetes,Archaeosporales,Geosiphonaceae,Geosiphon,pyriformis,23304,0,0,0,0,169.5857521,0,0,0,0,0,20.47306489,0,0,0,0,0,0,0,12.92954569,0,0,0,0,0,0,0,0,0,13.09276581,0,0,0,14.53874688,0,0,0,0,0,0,0,0,0,0,0,0,0,0,0,0,17.19308627,0,0,0,0,0,0,0,0,0,0,0,0,19.25340192,0,0,17.1253318,0,0,0,25.26281298,0,0,0,0,0,0,0,0,24.60715887,0,0,0,22.40786065,0,0,0,0,0,0,0,0,0,0,0,0,0,0,0,0,0,0,0,0,0,0,0,0,0,0,0,0,0,0,0,0,0,0,36.51847039,0,0,34.17223401,0,0,0,0,0,0,0,0,0,0,0,0,0,0,0,0,0,0,0,0,0,17.14231548,0,0,0,0,0,0,0,0,0,0,0,0,16.26997118,0,0,0,0,0,0,0,0,0,0,0,0,0,0,0,17.76542442,0,0,0,0,0,0,0,0,0
21,Fungi,Glomeromycota,Glomeromycetes,Glomerales,Glomeraceae,Glomus,Voyriella parviflora symbiont type 1,23254,0,0,0,0,23.51903614,0,23.28336948,0,0,0,68.62458627,0,0,0,0,0,0,0,20.00894924,19.17368762,0,0,0,0,0,0,0,14.70366733,23.36757694,20.14238174,24.62963463,23.26415317,37.87128531,0,12.50719331,0,0,0,18.09314425,0,0,0,0,24.72360839,23.61879974,13.3911521,0,19.12416033,0,13.11041916,24.12601009,15.52176154,15.0883545,13.10278697,17.93475983,0,0,0,0,0,0,0,32.91567898,21.10447864,12.35760097,0,0,0,13.12256595,0,0,19.99664677,17.84602675,0,0,18.32613717,28.40639689,0,56.93482778,42.74426438,18.87866695,0,17.50457685,0,0,12.04109264,0,21.02163086,0,0,0,0,31.74260298,0,0,0,21.5620329,0,30.09193281,16.62627851,13.25660943,30.59167827,0,0,22.7008342,21.46084352,0,11.27706398,0,0,0,0,22.17773196,0,16.12468317,0,0,16.32021094,0,0,49.4575474,17.63195284,12.58274245,12.64267582,0,19.43328225,0,0,17.96634322,11.92365304,14.58943921,0,0,0,0,0,0,0,18.80111484,0,0,0,24.13778591,14.35518106,0,13.74987697,26.87061906,25.59439083,13.40568907,0,0,0,0,0,26.56598434,26.62669638,14.88376187,22.27867871,21.89078752,24.09760145,0,34.1799142,0,0,20.55217133,0,0,0,12.78515891,0,15.61707857,27.21861186,33.03851771,16.91940842,0,0,0,0,0,0,0
22,Fungi,Glomeromycota,Glomeromycetes,Glomerales,Claroideoglomeraceae,Claroideoglomus,lamellosum,23267,0,0,0,0,0,12.35131404,0,12.93769134,0,0,0,0,0,0,0,0,0,0,0,20.84037244,0,0,43.81266379,0,0,0,0,0,0,18.39341565,0,0,18.76420884,0,0,0,0,0,0,0,0,0,0,0,0,0,0,0,0,0,0,0,0,18.85189493,15.80312738,0,0,0,0,11.91284365,0,0,0,0,0,0,0,0,0,0,0,0,0,0,0,0,0,0,0,0,0,0,0,0,0,0,0,15.63376772,0,0,0,31.34935737,24.41019483,0,0,21.70543566,0,0,0,33.3891876,0,0,0,0,0,0,0,0,0,0,0,0,0,0,0,0,0,0,0,0,0,0,0,0,0,0,0,0,0,0,0,0,0,0,0,0,0,0,0,0,0,0,0,0,0,0,17.66255938,0,0,0,0,0,0,0,0,0,0,15.04637117,0,0,0,0,0,0,0,0,0,0,0,0,0,0,0,0,0,0,0,0,0,16.83012858,15.33605425
23,Fungi,Glomeromycota,Glomeromycetes,Diversisporales,Gigasporaceae,Scutellospora,nodosa,23320,0,0,0,0,0,0,0,0,0,0,18.82853078,0,0,0,0,0,0,0,21.11399995,19.26361575,0,0,0,0,0,0,0,0,0,0,0,0,16.24362213,0,0,0,0,0,0,0,0,0,0,0,0,0,0,0,0,0,15.3783819,0,0,0,0,0,0,0,0,0,0,0,0,0,0,0,0,0,0,0,0,0,0,0,0,13.9063218,0,0,18.1154665,11.69352985,0,0,0,0,0,0,0,0,0,0,0,0,0,0,0,0,0,0,0,0,0,0,0,0,0,0,0,0,0,0,0,0,0,0,0,0,0,0,0,0,0,0,0,0,0,0,0,0,0,0,0,0,0,0,0,0,0,0,0,0,0,0,0,0,0,0,0,0,0,0,0,20.08427363,0,0,0,16.8460241,0,0,13.15541265,0,0,0,0,0,0,0,0,0,0,0,0,14.63557344,0,0,0,0,0,0,0,0,15.4919207
24,Fungi,Glomeromycota,Glomeromycetes,Glomerales,Glomeraceae,Glomus,caledonium,23161,0,0,0,0,0,0,0,0,0,0,30.39159392,0,0,0,0,0,0,0,37.63203157,0,0,0,0,0,0,0,0,0,0,0,0,0,0,0,0,0,0,0,21.99369371,0,0,0,0,0,0,0,0,0,0,0,0,0,0,0,0,0,0,0,0,0,0,0,0,10.8750207,0,0,0,0,0,0,0,0,0,0,0,0,0,0,17.35205841,0,0,0,0,0,0,0,0,0,0,0,0,0,0,0,0,0,0,0,0,0,0,0,0,0,0,0,0,0,0,0,0,0,0,0,23.77876564,0,0,0,0,0,0,0,0,12.12845286,0,0,0,0,0,0,0,0,0,0,0,0,0,0,0,0,0,0,0,0,0,0,13.58021241,0,0,0,0,0,0,0,0,0,0,0,0,0,0,0,0,0,0,0,0,0,0,0,0,0,0,0,0,0,0,0,0,0,0
25,Fungi,Glomeromycota,Archaeosporomycetes,Archaeosporales,Ambisporaceae,Ambispora,fennica,23334,0,0,0,0,0,0,0,0,0,0,0,0,0,0,0,0,0,0,12.47175956,0,0,0,0,0,0,0,0,0,0,0,0,0,0,0,0,0,0,0,0,0,0,0,0,0,0,0,0,0,0,0,0,0,0,0,0,0,0,0,0,0,0,0,12.3736356,11.89164234,0,0,0,0,0,0,0,0,0,0,0,0,0,0,0,0,0,0,0,0,0,0,0,0,0,0,0,0,0,0,0,0,11.8322939,0,0,0,0,0,0,0,0,0,0,0,0,0,0,0,0,0,0,0,0,0,0,0,0,0,0,0,0,0,0,0,0,0,0,0,0,0,0,0,0,0,0,0,0,0,0,0,0,0,0,0,0,0,0,13.22355979,0,0,0,0,0,0,0,0,0,0,0,0,0,0,0,0,0,0,0,0,0,0,0,0,0,0,0,0,0
26,Fungi,Glomeromycota,Archaeosporomycetes,Archaeosporales,Ambisporaceae,Ambispora,leptoticha,23305,0,0,0,0,0,0,0,0,0,0,0,0,0,0,0,0,0,0,0,11.77569763,0,0,0,0,0,0,0,0,0,12.32897153,0,0,0,0,0,0,0,0,0,0,0,0,0,0,0,0,0,0,0,0,24.2598421,0,0,0,0,0,0,0,0,0,0,0,30.00394414,0,0,0,0,0,11.67543326,0,0,0,0,0,0,0,0,0,0,0,0,0,0,0,0,0,0,0,11.94102444,0,0,0,0,0,0,0,0,0,0,15.66120135,0,0,0,0,0,0,0,0,0,0,0,0,0,0,0,0,0,0,0,0,0,10.96809692,0,0,10.53066931,0,0,0,0,0,0,0,0,0,11.74537581,0,0,0,0,0,0,0,0,0,0,0,0,0,0,0,0,0,0,0,0,0,0,0,0,0,0,0,0,0,0,0,0,0,0,0,0,0,0,0,14.80181953,0,0,0,0,0,0
27,Fungi,Glomeromycota,Glomeromycetes,Diversisporales,Diversisporaceae,Diversispora,epigaea,23157,0,0,0,0,0,0,0,0,0,0,0,0,0,0,0,0,0,0,0,15.72968331,0,0,0,0,0,0,0,0,0,0,0,0,0,0,0,0,17.22347294,0,0,0,0,0,0,0,0,0,0,0,0,0,0,0,0,0,0,0,0,0,0,0,0,0,14.30195804,0,0,0,0,0,0,0,0,0,0,0,0,0,0,253.1432667,0,0,0,0,0,0,0,0,0,0,0,0,0,0,0,0,0,0,0,0,0,0,0,0,0,0,0,0,0,0,0,0,0,0,0,0,0,0,0,0,0,0,0,0,0,0,0,0,0,0,0,0,0,0,0,0,0,0,0,0,0,0,0,0,0,0,0,0,0,0,16.74154484,0,0,0,0,0,12.54183637,0,0,14.72663392,0,0,0,12.52069642,0,0,0,0,0,0,13.69025991,0,0,13.88976472,0,0,0,0,0,0,0,0,0
28,Fungi,Glomeromycota,Glomeromycetes,Glomerales,Glomeraceae,Glomus,sp. 4,23282,0,0,0,0,0,0,0,0,0,0,0,0,0,0,0,0,0,0,0,0,0,0,0,0,0,0,0,0,0,0,0,0,0,0,0,0,0,0,0,53.24200209,0,0,12.03319739,0,0,0,0,0,0,0,0,0,0,0,0,0,0,0,0,0,0,0,0,0,0,0,0,0,0,0,0,0,0,0,0,0,0,0,0,0,0,0,0,0,0,0,0,0,0,0,0,0,0,,,,,,,,,,,,,,,,,,,,,,,,,,,,,,,,,,,,,,,,,,,,,,,,,,,,,,,,,,,,,,,,,,,,,,,,,,,,,,,,,,,,,,,,
29,Fungi,Glomeromycota,Glomeromycetes,Diversisporales,Diversisporaceae,Entrophospora,baltica,23387,0,0,0,0,0,0,0,0,0,0,0,0,0,0,0,0,0,0,0,0,0,0,0,0,0,0,0,0,0,0,0,0,0,0,0,0,0,0,0,14.01525985,0,0,0,0,0,0,0,0,0,0,0,0,0,0,0,0,0,0,0,0,0,0,15.85543205,0,0,0,0,0,0,0,0,0,0,0,0,0,0,0,0,0,0,0,0,0,0,0,0,0,0,0,0,0,0,,,,,,,,,,,,,,,,,,,,,,,,,,,,,,,,,,,,,,,,,,,,,,,,,,,,,,,,,,,,,,,,,,,,,,,,,,,,,,,,,,,,,,,,
30,Fungi,Glomeromycota,Glomeromycetes,Glomerales,Glomeraceae,Glomus,manihotis,23184,0,0,0,0,0,0,0,0,0,0,0,0,0,0,0,0,0,0,0,0,0,0,0,0,0,0,0,0,0,0,0,0,0,0,0,0,0,0,0,0,0,0,0,0,0,0,0,0,0,0,0,0,0,0,0,0,0,0,13.72286448,0,0,0,0,0,0,0,0,0,0,0,0,0,0,0,0,0,0,0,0,0,0,0,14.65115152,0,0,0,0,0,0,0,0,0,29.48504426,0,0,0,0,0,0,0,0,0,0,0,0,0,0,18.29159712,0,0,0,0,0,0,0,0,0,0,18.45972336,0,0,0,0,0,0,37.24714927,0,0,12.78442122,0,0,0,0,0,0,0,0,0,0,0,0,0,0,0,0,0,0,0,0,0,0,0,0,0,0,0,0,14.41101511,0,0,0,0,0,0,0,0,0,0,227.3551275,0,0,0,0,0,0,0,0,0,0,0,19.03069618
31,Fungi,Glomeromycota,Glomeromycetes,Diversisporales,Pacisporaceae,Pacispora,scintillans,23335,0,0,0,0,0,0,0,0,0,0,0,0,0,0,0,0,0,0,0,0,0,0,0,0,0,0,0,0,0,0,0,0,0,0,0,0,0,0,0,0,0,0,0,0,0,0,0,0,0,0,0,0,0,0,0,0,0,0,0,0,0,0,13366.37928,18.26592448,0,0,251.1012334,0,0,22.5456496,0,0,0,2731.103396,12.67811634,0,0,0,0,0,1635.968223,3722.135504,0,0,0,0,0,0,0,0,0,0,0,0,0,0,0,0,0,0,0,0,0,0,0,0,0,0,0,0,0,0,0,0,855.9406107,0,0,0,256.7607227,0,0,0,0,0,0,0,0,80.83595518,0,0,0,0,0,0,0,0,91.3268539,0,0,0,0,0,0,0,0,0,0,11.08103,0,0,0,0,0,0,6918.34907,0,0,3918.755032,0,0,0,0,0,0,0,0,0,0,30.01296619,0,0,0,0,0,0,0,0,0,0,0,0
32,Fungi,Glomeromycota,Glomeromycetes,Diversisporales,Gigasporaceae,Scutellospora,spinosissima,23314,0,0,0,0,0,0,0,0,0,0,0,0,0,0,0,0,0,0,0,0,0,0,0,0,0,0,0,0,0,0,0,0,0,0,0,0,0,0,0,0,0,0,0,0,0,0,0,0,0,0,0,0,0,0,0,0,0,0,0,0,0,0,0,0,0,0,0,0,0,0,0,0,0,0,0,0,0,0,0,0,0,0,0,0,0,0,0,0,0,0,0,0,12.87426149,0,0,0,0,0,0,0,0,0,0,0,0,0,0,0,0,0,0,0,0,0,0,0,0,0,0,0,0,0,0,0,0,0,0,0,0,0,0,0,0,0,0,0,0,0,0,0,0,0,0,0,0,0,0,0,0,0,0,16.66024358,0,0,0,0,0,0,0,0,0,15.72053739,0,0,0,0,0,0,0,0,0,0,0,0,0,0,0,0,0,0,0
