,Sample date,Sample ID,Plot,ID,Nitrogen,Water,Block,Direction,Barcode,Notes,Run,% Moisture Content (MC),Moisture as decimal,lb/bu,Weight (g) 0% MC,Weight (g) 15.5% MC,Weight (kg) 0% MC,Weight (kg) 15.5% MC,Harvest area (ac),Harvest area (ha),"Grain Yield, 0% MC bu/ac","Grain Yield, 15.5% MC bu/ac","Grain Yield, 0% MC kg/ha","Grain Yield, 15.5% MC kg/ha","Annual ET, mm",Water trt target,N trt target,qPCR_DW,qPCR_FW,qPCR_DW_log,qPCR_FW_log,GWC,Stems,Leaves,Shoots,Grain 0% MC,kg NH4-N / ha,kg NO3-N / ha,Acaulospora sp.,Ambispora fennica,Ambispora leptoticha,Archaeospora trappei,Claroideoglomus lamellosum,Diversispora epigaea,Diversispora spurca,Diversispora trimurales,Entrophospora baltica,Geosiphon pyriformis,Glomus Afrothismia foertheriana symbiont,Glomus Arachnitis uniflora symbiont,Glomus Burmannia hexaptera symbiont,Glomus Voyriella parviflora symbiont type 1,Glomus caledonium,Glomus clarum,Glomus coronatum,Glomus manihotis,Glomus mosseae,Glomus proliferum,Glomus sp. 1,Glomus sp. 2,Glomus sp. 3,Glomus sp. 4,Pacispora scintillans,Paraglomus brasilianum,Paraglomus laccatum,Redeckera fulvum,Scutellospora nodosa,Scutellospora pellucida,Scutellospora projecturata,Scutellospora spinosissima
barcode53B,2021-06-15,2N,2N,111.0,Low,High,1,N,53.0,NxW_B library,B,13.6,0.136,57.7,3297.1,3808.2,3.2971,3.8082,0.001147842,0.000464515,109.75,126.76,7098.0,8198.1,,100.0,20.0,654341922.4008539,783492510.5206034,20.299140589926907,20.479272060710965,0.164839595,,,3.56,,4.801925872182099,3.6541579970097495,45.06133465,0.0,0.0,19.17888472,0.0,0.0,164.86996969999998,13.10911364,0.0,0.0,36.7589694,29.89691427,0.0,13.74987697,0.0,0.0,12.01947656,0.0,14.42776445,34.63838181,72.53990802,65.14527696,13.42556882,0.0,0.0,0.0,0.0,0.0,0.0,0.0,52.00783354,0.0
barcode65B,2021-06-15,2S,2S,111.0,Low,High,1,S,65.0,NxW_B library,B,13.6,0.136,57.7,3297.1,3808.2,3.2971,3.8082,0.001147842,0.000464515,109.75,126.76,7098.0,8198.1,,100.0,20.0,430285654.8155675,515213188.0768072,19.879959859617898,20.060091330401963,0.164839595,,,3.56,,1.8826397095387497,2.8801421587892,98.47659584,0.0,0.0,60.54672225,15.04637117,14.72663392,149.5959021,30.89783622,0.0,0.0,49.69004503,19.27853984,17.71161788,22.27867871,0.0,11.67242402,0.0,14.41101511,20.72192229,42.84297653,287.7229909,291.8745133,0.0,0.0,3918.755032,0.0,0.0,13.17903814,0.0,24.52442403,45.84096767,0.0
barcode72B,2021-06-15,23S,23S,211.0,Low,High,2,S,72.0,NxW_B library,B,15.7,0.157,56.8,4344.1,5017.5,4.3441,5.0175,0.001147842,0.000464515,146.9,169.66,9352.0,10801.6,,100.0,20.0,712102283.0290754,852244786.8165334,20.38373211499844,20.563384351998526,0.164439262,,,2.65,,6.13535084818045,4.48519027654165,20.5512694,0.0,0.0,23.55090441,0.0,0.0,0.0,0.0,0.0,0.0,44.81664522,22.52264465,0.0,20.55217133,0.0,0.0,0.0,0.0,0.0,30.63637309,45.46880627,54.60249124,28.65834039,0.0,0.0,38.2515506,43.59946976,0.0,0.0,26.747809999999998,0.0,0.0
barcode81B,2021-06-15,23N,23N,211.0,Low,High,2,N,81.0,NxW_B library,B,15.7,0.157,56.8,4344.1,5017.5,4.3441,5.0175,0.001147842,0.000464515,146.9,169.66,9352.0,10801.6,,100.0,20.0,901933680.8270508,1079435210.163083,20.620051550741852,20.799703787741933,0.164439262,,,2.65,,7.52380573147605,4.366602991433998,17.93132234,0.0,0.0,16.66697327,0.0,0.0,0.0,0.0,0.0,0.0,56.13909981,0.0,0.0,16.91940842,0.0,0.0,0.0,0.0,0.0,29.61285328,44.4018014,63.01590603,0.0,0.0,0.0,0.0,0.0,0.0,0.0,0.0,0.0,0.0
barcode55B,2021-06-15,32N,32N,311.0,Low,High,3,N,55.0,NxW_B library,B,13.6,0.136,58.1,3545.0,4094.5,3.545,4.0945,0.001147842,0.000464515,117.19,135.35,7631.6,8814.5,,100.0,20.0,626439041.5914456,770097874.4724574,20.255562027632607,20.46202817443874,0.186546201,,,2.11,,1.7116295346534995,3.1391874614608497,94.74462864999998,0.0,0.0,30.36118821,0.0,0.0,0.0,31.96195969,0.0,0.0,114.5608938,31.46925729,21.81009853,25.59439083,0.0,0.0,0.0,0.0,14.77752249,21.39631347,140.46970180000002,132.58270249999998,0.0,0.0,11.08103,31.5903603,38.3569598,19.31290588,0.0,29.02853751,22.75446552,0.0
barcode80B,2021-06-15,32S,32S,311.0,Low,High,3,S,80.0,NxW_B library,B,13.6,0.136,58.1,3545.0,4094.5,3.545,4.0945,0.001147842,0.000464515,117.19,135.35,7631.6,8814.5,,100.0,20.0,879386627.0300155,1081052947.4581943,20.5947352076702,20.801201354476333,0.186546201,,,2.11,,2.2714998831518494,7.37592803885895,29.62554204,0.0,0.0,27.57581024,0.0,0.0,0.0,0.0,0.0,0.0,29.30480588,27.26496247,18.63598272,33.03851771,0.0,14.78979499,0.0,0.0,0.0,13.33193203,53.65045275,70.55894408,20.73622914,0.0,0.0,49.51692471,32.20269527,0.0,0.0,20.53345963,18.91704629,0.0
barcode59B,2021-06-15,3N,3N,115.0,Optimal,High,1,N,59.0,NxW_B library,B,13.5,0.135,59.0,5874.9,6785.5,5.8749,6.7855,0.001147842,0.000464515,191.25,220.89,12647.4,14607.7,,100.0,200.0,834368439.6483936,1007542761.5781302,20.542185636928288,20.73078029413815,0.171877888,,,3.45,,2.497220600423,6.397990694385098,70.08665893,13.22355979,0.0,22.033853699999998,0.0,0.0,20.77827833,0.0,0.0,0.0,37.52228187,0.0,19.38704468,0.0,0.0,0.0,0.0,0.0,0.0,38.91496032,34.70787215,58.51348892,0.0,0.0,0.0,0.0,0.0,18.04368944,20.08427363,27.19765248,37.25959156,16.66024358
barcode63B,2021-06-15,3N,3N,115.0,Optimal,High,1,N,63.0,NxW_B library,B,13.5,0.135,59.0,5874.9,6785.5,5.8749,6.7855,0.001147842,0.000464515,191.25,220.89,12647.4,14607.7,,100.0,200.0,834368439.6483936,1007542761.5781302,20.542185636928288,20.73078029413815,0.171877888,,,3.45,,2.497220600423,6.397990694385098,121.03983271999999,0.0,0.0,36.33435507,0.0,0.0,22.26421835,23.19403136,0.0,16.26997118,36.01965493,0.0,23.08604357,26.62669638,0.0,17.37969435,0.0,0.0,16.33781347,40.54866068,40.76267841,71.19166366,0.0,0.0,0.0,0.0,0.0,23.54095232,16.8460241,38.27729676,17.3673775,0.0
barcode68B,2021-06-15,20N,20N,215.0,Optimal,High,2,N,68.0,NxW_B library,B,15.0,0.15,57.7,4795.1,5538.3,4.7951,5.5383,0.001147842,0.000464515,159.62,184.36,10322.8,11922.9,,100.0,200.0,359795015.22685766,439570346.88126004,19.701045025095848,19.901308323444358,0.181484789,,,2.01,,20.756135232401697,2.1996428106027497,21.81876284,0.0,0.0,28.71800805,0.0,0.0,0.0,0.0,0.0,0.0,30.08214393,20.77867583,0.0,0.0,0.0,25.923213399999998,0.0,0.0,0.0,39.47729636,44.38447613,33.28559956,0.0,0.0,0.0,0.0,0.0,0.0,0.0,21.20158343,0.0,0.0
barcode77B,2021-06-15,20S,20S,215.0,Optimal,High,2,S,77.0,NxW_B library,B,15.0,0.15,57.7,4795.1,5538.3,4.7951,5.5383,0.001147842,0.000464515,159.62,184.36,10322.8,11922.9,,100.0,200.0,597472373.1150547,729946572.8744469,20.208218603236613,20.408481901585127,0.181484789,,,2.01,,17.966085765919193,2.9441076257552496,0.0,0.0,0.0,0.0,0.0,0.0,0.0,0.0,0.0,0.0,60.83182455,0.0,0.0,0.0,0.0,0.0,0.0,0.0,0.0,0.0,85.73891093,61.59108251,0.0,0.0,0.0,0.0,0.0,0.0,0.0,0.0,0.0,0.0
barcode51B,2021-06-15,36N,36N,315.0,Optimal,High,3,N,51.0,NxW_B library,B,13.0,0.13,58.6,5296.7,6117.7,5.2967,6.1177,0.001147842,0.000464515,173.6,200.51,11402.7,13170.1,,100.0,200.0,278089108.38965094,330122413.23499894,19.443452154070663,19.614974092837123,0.157618213,,,3.39,,1.1592214882545997,3.207759658914949,56.81849527,0.0,0.0,40.98160074,0.0,0.0,0.0,25.66467702,0.0,0.0,20.60133816,0.0,16.9632134,14.35518106,0.0,0.0,21.91027504,0.0,0.0,17.57697436,39.86416967,51.33127786,0.0,0.0,0.0,0.0,0.0,0.0,0.0,0.0,0.0,0.0
barcode57B,2021-06-15,36S,36S,315.0,Optimal,High,3,S,57.0,NxW_B library,B,13.0,0.13,58.6,5296.7,6117.7,5.2967,6.1177,0.001147842,0.000464515,173.6,200.51,11402.7,13170.1,,100.0,200.0,191006011.4280325,226745181.787783,19.067815458960823,19.23933739772729,0.157618213,,,3.39,,1.9422627626220497,1.4696528776410998,0.0,0.0,0.0,34.0705572,0.0,0.0,0.0,0.0,0.0,0.0,20.49532698,23.15166903,0.0,0.0,0.0,0.0,51.04076843,0.0,46.58247191,0.0,18.93757248,25.40257228,0.0,0.0,0.0,0.0,0.0,0.0,0.0,0.0,0.0,0.0
barcode61B,2021-06-15,6S,6S,116.0,High,High,1,S,61.0,NxW_B library,B,15.0,0.15,58.8,5345.4,6173.9,5.3454,6.1739,0.001147842,0.000464515,174.6,201.67,11507.5,13291.1,,100.0,245.0,807711172.6830678,979920742.8974575,20.509715093030817,20.70298225176393,0.17573826399999998,,,2.48,,6.033462347286498,3.9853634242909504,0.0,0.0,0.0,0.0,0.0,0.0,0.0,0.0,0.0,0.0,17.71898307,16.4753442,0.0,0.0,0.0,0.0,0.0,0.0,0.0,0.0,18.94131096,13.75303948,0.0,0.0,0.0,0.0,0.0,0.0,0.0,0.0,0.0,0.0
barcode62B,2021-06-15,6N,6N,116.0,High,High,1,N,62.0,NxW_B library,B,15.0,0.15,58.8,5345.4,6173.9,5.3454,6.1739,0.001147842,0.000464515,174.6,201.67,11507.5,13291.1,,100.0,245.0,422901233.70923,513066681.6604841,19.862649219698405,20.05591637843152,0.17573826399999998,,,2.48,,3.9523660295765,3.6188621402096,42.36966571,0.0,0.0,29.539576500000003,0.0,12.54183637,0.0,0.0,0.0,0.0,47.28210672,0.0,17.17593319,26.56598434,0.0,0.0,0.0,0.0,0.0,20.36814629,68.5374561,62.13102039,0.0,0.0,6918.34907,0.0,0.0,0.0,0.0,18.04246023,13.74056934,0.0
barcode64B,2021-06-15,22S,22S,216.0,High,High,2,S,64.0,NxW_B library,B,15.1,0.151,58.8,5485.9,6336.2,5.4859,6.3362,0.001147842,0.000464515,179.19,206.97,11809.9,13640.5,,100.0,245.0,320056211.38248354,393129081.8255895,19.584007198901798,19.789648568387246,0.185875006,,,2.32,,15.4129057316897,2.58549592076015,15.91626367,0.0,0.0,0.0,0.0,0.0,0.0,0.0,0.0,0.0,37.18529142,0.0,0.0,14.88376187,0.0,77.24361603,49.14022901,0.0,72.77267385,18.91032599,62.60175306,77.48249505,0.0,0.0,0.0,0.0,0.0,0.0,0.0,0.0,0.0,0.0
barcode66B,2021-06-15,22N,22N,216.0,High,High,2,N,66.0,NxW_B library,B,15.1,0.151,58.8,5485.9,6336.2,5.4859,6.3362,0.001147842,0.000464515,179.19,206.97,11809.9,13640.5,,100.0,245.0,412039666.7136359,506113520.3443169,19.83663018111049,20.04227155059593,0.185875006,,,2.32,,13.575221987443696,9.683645996257349,143.74245083,0.0,0.0,37.00761117,0.0,0.0,17.05484172,45.20375332,0.0,0.0,38.40198858,0.0,0.0,21.89078752,0.0,0.0,0.0,0.0,0.0,19.33828903,77.01605536,98.01424834,0.0,0.0,0.0,0.0,0.0,0.0,13.15541265,14.94677058,0.0,0.0
barcode50B,2021-06-15,35S,35S,316.0,High,High,3,S,50.0,NxW_B library,B,16.0,0.16,57.2,5585.4,6451.2,5.5854,6.4512,0.001147842,0.000464515,187.55,216.62,12024.2,13887.9,,100.0,245.0,405177785.0291012,496391670.5677789,19.819836504129807,20.022875831475826,0.18375386,,,1.66,,2.9835763544254497,5.679598478827648,21.559606600000002,0.0,0.0,28.67994045,0.0,0.0,0.0,0.0,0.0,17.14231548,30.26278857,55.126053799999994,18.16844738,24.13778591,0.0,0.0,12.09216533,0.0,21.4754095,28.55345754,44.81316599,51.58776512,59.25472841,0.0,0.0,0.0,0.0,0.0,0.0,16.34324903,0.0,0.0
barcode69B,2021-06-15,35N,35N,316.0,High,High,3,N,69.0,NxW_B library,B,16.0,0.16,57.2,5585.4,6451.2,5.5854,6.4512,0.001147842,0.000464515,187.55,216.62,12024.2,13887.9,,100.0,245.0,559755822.9640273,685768416.5759451,20.143011216183183,20.3460505435292,0.18375386,,,1.66,,7.379710102838649,2.3181971785876,102.64280558,0.0,0.0,31.38579436,0.0,12.52069642,0.0,0.0,0.0,0.0,41.89501006,27.57761205,29.12880391,34.179914200000006,0.0,0.0,0.0,0.0,14.70629462,43.04627732,71.79246517,57.27714419,17.15319994,0.0,0.0,12.43376339,17.8616465,28.68707864,0.0,30.93279896,18.59779687,15.72053739
barcode73B,2021-06-15,8S,8S,121.0,Low,Low,1,S,73.0,NxW_B library,B,13.3,0.133,58.9,2857.6,3300.6,2.8576,3.3006,0.001147842,0.000464515,93.18,107.63,6151.9,7105.4,,70.0,20.0,1089702907.6527677,1356660874.0702374,20.809170934249302,21.02829227799659,0.196775754,,,4.18,,5.1370614490241495,5.0539806340359,0.0,0.0,0.0,0.0,0.0,0.0,0.0,0.0,0.0,0.0,21.995059,0.0,0.0,0.0,0.0,0.0,25.91877626,0.0,37.02489039,0.0,26.21864769,26.4917586,0.0,0.0,0.0,0.0,0.0,0.0,0.0,0.0,0.0,0.0
barcode60B,2021-06-15,14N,14N,221.0,Low,Low,2,N,60.0,NxW_B library,B,12.0,0.12,57.9,2510.6,2899.8,2.5106,2.8998,0.001147842,0.000464515,83.28,96.19,5404.9,6242.6,,70.0,20.0,524514077.24615365,633527673.8491322,20.077982824803954,20.266814240826804,0.17207393,,,3.22,,2.6928647078857995,2.59079308700225,27.51482603,0.0,0.0,26.22829466,0.0,0.0,15.01098169,34.44269575,0.0,0.0,74.74069725,13.1420905,12.82781011,0.0,0.0,0.0,0.0,0.0,0.0,14.85583961,70.83010918,63.64609109,0.0,0.0,0.0,43.89614843,46.9213829,0.0,0.0,21.56867783,0.0,0.0
barcode78B,2021-06-15,14S,14S,221.0,Low,Low,2,S,78.0,NxW_B library,B,12.0,0.12,57.9,2510.6,2899.8,2.5106,2.8998,0.001147842,0.000464515,83.28,96.19,5404.9,6242.6,,70.0,20.0,363852156.0683914,439474210.62413394,19.712258178446536,19.901089594469386,0.17207393,,,3.22,,1.9519105451272,6.772894393503399,39.335270460000004,0.0,0.0,22.650688100000004,0.0,0.0,94.29032288,0.0,0.0,0.0,31.04198979,0.0,0.0,15.61707857,0.0,30.9606425,19.07494791,0.0,0.0,54.0026505,56.97577711,56.60980591,12.47806229,0.0,0.0,0.0,0.0,0.0,0.0,20.16882078,17.99461378,0.0
barcode52B,2021-06-15,30N,30N,321.0,Low,Low,3,N,52.0,NxW_B library,B,13.5,0.135,55.1,1448.5,1673.1,1.4485,1.6731,0.001147842,0.000464515,50.49,58.32,3118.4,3601.7,,70.0,20.0,428581459.4352759,511356184.8913249,19.875991381634282,20.052576940364283,0.161872933,,,2.45,,1.3434054525630497,2.6846369055869497,18.61466995,0.0,0.0,27.09693051,0.0,0.0,0.0,0.0,0.0,0.0,21.19180358,48.98390549,0.0,0.0,0.0,0.0,30.48393466,0.0,0.0,34.92238743,39.24633656,50.37003127,81.31706111,0.0,0.0,33.00865335,33.73557667,15.65823458,0.0,20.04623933,0.0,0.0
barcode54B,2021-06-15,30S,30S,321.0,Low,Low,3,S,54.0,NxW_B library,B,13.5,0.135,55.1,1448.5,1673.1,1.4485,1.6731,0.001147842,0.000464515,50.49,58.32,3118.4,3601.7,,70.0,20.0,600046726.5286847,715937654.5092353,20.21251808769593,20.389103646425927,0.161872933,,,2.45,,4.327781432587,3.133804872998549,25.515618399999997,0.0,0.0,38.0987016,17.66255938,0.0,0.0,0.0,0.0,0.0,47.56251453,65.81975751,24.48572092,26.87061906,13.58021241,12.843647599999999,123.1659192,0.0,110.4110537,49.997744700000005,121.8232443,139.57856130000002,96.61926403,0.0,0.0,0.0,0.0,0.0,0.0,18.94663436,0.0,0.0
barcode70B,2021-06-15,10S,10S,125.0,Optimal,Low,1,S,70.0,NxW_B library,B,11.5,0.115,59.6,2729.3,3152.3,2.7293,3.1523,0.001147842,0.000464515,87.95,101.59,5875.5,6786.2,,70.0,200.0,1023714685.2745738,1245216919.1426942,20.74670369707828,20.942575583929536,0.177882448,,,3.37,,2.6431705767506,8.613512991564699,0.0,0.0,0.0,0.0,0.0,0.0,0.0,0.0,0.0,0.0,0.0,0.0,12.95664208,0.0,0.0,0.0,0.0,0.0,0.0,0.0,17.79646117,17.44951694,0.0,0.0,0.0,0.0,0.0,0.0,0.0,0.0,0.0,0.0
barcode71B,2021-06-15,10N,10N,125.0,Optimal,Low,1,N,71.0,NxW_B library,B,11.5,0.115,59.6,2729.3,3152.3,2.7293,3.1523,0.001147842,0.000464515,87.95,101.59,5875.5,6786.2,,70.0,200.0,1973165773.9109325,2400101748.357919,21.402905081699537,21.598776968550798,0.177882448,,,3.37,,2.4441389108826,5.399984222427499,13.34395996,0.0,0.0,0.0,0.0,0.0,0.0,0.0,0.0,0.0,0.0,0.0,0.0,0.0,0.0,0.0,0.0,0.0,0.0,0.0,21.81668322,31.84425216,0.0,0.0,0.0,0.0,0.0,0.0,0.0,0.0,0.0,0.0
barcode75B,2021-06-15,15N,15N,225.0,Optimal,Low,2,N,75.0,NxW_B library,B,11.6,0.116,58.1,2429.9,2806.6,2.4299,2.8066,0.001147842,0.000464515,80.33,92.78,5231.1,6042.0,,70.0,200.0,399782153.4541042,481510082.8522224,19.80643034035016,19.992437729486266,0.16973254,,,2.87,,11.833302773880249,2.66569401715,0.0,0.0,0.0,16.36799175,0.0,0.0,0.0,0.0,0.0,0.0,41.67365114,0.0,0.0,0.0,0.0,28.61820483,0.0,0.0,0.0,20.78349454,26.45497825,28.47942174,14.41902781,0.0,0.0,0.0,0.0,0.0,0.0,14.76103956,0.0,0.0
barcode82B,2021-06-15,15S,15S,225.0,Optimal,Low,2,S,82.0,NxW_B library,B,11.6,0.116,58.1,2429.9,2806.6,2.4299,2.8066,0.001147842,0.000464515,80.33,92.78,5231.1,6042.0,,70.0,200.0,1828920944.0711935,2202809374.308363,21.32699198184044,21.512999370976537,0.16973254,,,2.87,,8.556582942008799,8.196786746271549,61.24567424,0.0,14.80181953,34.72615062,0.0,0.0,0.0,81.23251875,0.0,0.0,99.28971546,0.0,0.0,0.0,0.0,23.65366696,0.0,0.0,0.0,0.0,103.6155465,81.57136034,0.0,0.0,0.0,0.0,0.0,0.0,0.0,0.0,0.0,0.0
barcode48B,2021-06-15,28N,28N,325.0,Optimal,Low,3,N,48.0,NxW_B library,B,11.9,0.119,58.1,3428.1,3959.4,3.4281,3.9594,0.001147842,0.000464515,113.32,130.89,7379.9,8523.7,,70.0,200.0,1146554977.9477215,1429608541.199977,20.860027611967066,21.08066649632996,0.197993755,,,2.89,,19.9243410483572,3.570550116880049,43.79117999,0.0,0.0,19.97561578,0.0,0.0,0.0,0.0,0.0,0.0,51.72474481,17.71153761,15.52307959,0.0,0.0,11.88737356,0.0,0.0,0.0,20.0780247,65.25681272,72.37467864,11.7842713,0.0,0.0,14.52729892,13.50247672,15.73358398,0.0,13.2460564,0.0,0.0
barcode49B,2021-06-15,28S,28S,325.0,Optimal,Low,3,S,49.0,NxW_B library,B,11.9,0.119,58.1,3428.1,3959.4,3.4281,3.9594,0.001147842,0.000464515,113.32,130.89,7379.9,8523.7,,70.0,200.0,1217649041.4821243,1518253815.4451954,20.920187821430535,21.140826705793433,0.197993755,,,2.89,,14.805018842822196,2.0816298871439995,51.14811478,0.0,0.0,13.86301217,0.0,0.0,0.0,14.14444726,0.0,0.0,25.89200689,0.0,0.0,0.0,0.0,0.0,0.0,0.0,0.0,0.0,37.10646071,19.88776897,0.0,0.0,0.0,0.0,0.0,11.34029409,0.0,12.29712167,0.0,0.0
barcode47B,2021-06-15,9S,9S,126.0,High,Low,1,S,47.0,NxW_B library,B,11.7,0.117,58.4,3344.0,3862.3,3.344,3.8623,0.001147842,0.000464515,109.98,127.02,7198.9,8314.8,,70.0,245.0,1304053368.208385,1583981008.5344644,20.988743226153574,21.1832071407052,0.176724114,,,2.32,,3.3221865315211496,5.1906471679968,56.624078680000004,0.0,0.0,18.72483284,0.0,0.0,0.0,0.0,0.0,0.0,0.0,0.0,16.30294445,0.0,0.0,0.0,0.0,0.0,0.0,29.87195368,33.13725099,38.15038328,0.0,0.0,0.0,0.0,0.0,0.0,0.0,20.85015991,0.0,0.0
barcode76B,2021-06-15,9N,9N,126.0,High,Low,1,N,76.0,NxW_B library,B,11.7,0.117,58.4,3344.0,3862.3,3.344,3.8623,0.001147842,0.000464515,109.98,127.02,7198.9,8314.8,,70.0,245.0,884750211.2410724,1074670382.415491,20.600815915947738,20.79527983049936,0.176724114,,,2.32,,0.0,1.0938974670247998,86.13976455,0.0,0.0,47.07212329,0.0,13.69025991,20.06398665,21.49111725,0.0,0.0,181.24299430000002,99.73478267,22.40522165,12.78515891,0.0,22.00397764,0.0,227.35512749999998,0.0,101.16487140000001,768.6009095,731.8541687999999,0.0,0.0,30.01296619,0.0,0.0,24.34025576,0.0,18.28019812,44.84301318,0.0
barcode56B,2021-06-15,13N,13N,226.0,High,Low,2,N,56.0,NxW_B library,B,12.4,0.124,59.2,3300.4,3812.0,3.3004,3.812,0.001147842,0.000464515,107.08,123.67,7105.1,8206.4,,70.0,245.0,587432045.14908,717859358.5310147,20.1912711294612,20.391784228342345,0.181689229,,,2.88,,5.6742627441370495,1.9430399308699495,30.92587351,0.0,0.0,22.46198217,0.0,16.74154484,17.42104836,14.15177288,0.0,0.0,90.87880363,0.0,12.56112934,13.40568907,0.0,43.76211378,0.0,0.0,0.0,25.81624901,68.97720438,84.81891799,0.0,0.0,0.0,33.75851061,35.38107158,0.0,0.0,14.16910822,0.0,0.0
barcode74B,2021-06-15,13S,13S,226.0,High,Low,2,S,74.0,NxW_B library,B,12.4,0.124,59.2,3300.4,3812.0,3.3004,3.812,0.001147842,0.000464515,107.08,123.67,7105.1,8206.4,,70.0,245.0,867040881.8900663,1059549638.8621607,20.58059668690888,20.78110978579002,0.181689229,,,2.88,,4.340367230825299,4.562005995094999,19.19215898,0.0,0.0,25.78883293,0.0,0.0,0.0,0.0,0.0,0.0,32.96811088,17.78874379,0.0,0.0,0.0,0.0,81.31165288,0.0,75.17307497,15.07363403,31.43921373,25.80883174,0.0,0.0,0.0,25.35320013,16.24869221,14.94933282,0.0,0.0,0.0,0.0
barcode67B,2021-06-15,26S,26S,326.0,High,Low,3,S,67.0,NxW_B library,B,12.7,0.127,59.7,3336.1,3853.2,3.3361,3.8532,0.001147842,0.000464515,107.33,123.96,7181.9,8295.0,,70.0,245.0,591387915.7676421,720310116.7811258,20.197982731909846,20.395192394993675,0.178981522,,,2.04,,16.777154148818198,2.02123094246095,161.0931307,0.0,0.0,33.3835076,0.0,0.0,25.99214161,17.60322529,0.0,0.0,45.79469721,22.402592600000002,15.81987265,24.09760145,0.0,0.0,0.0,0.0,0.0,33.61025373,81.3765363,69.16495957,14.8820889,0.0,0.0,0.0,0.0,18.30176485,0.0,19.57074178,31.05447719,0.0
barcode79B,2021-06-15,26N,26N,326.0,High,Low,3,N,79.0,NxW_B library,B,12.7,0.127,59.7,3336.1,3853.2,3.3361,3.8532,0.001147842,0.000464515,107.33,123.96,7181.9,8295.0,,70.0,245.0,907583950.6496842,1105436692.3148398,20.626296627427674,20.823506290511503,0.178981522,,,2.04,,15.1960994359772,2.3714416177897,418.67255799,0.0,0.0,62.07294971,0.0,13.88976472,188.1402893,112.8356937,0.0,17.76542442,141.6465612,0.0,23.49628064,27.21861186,0.0,35.0649454,44.79364371,0.0,56.67037357,45.45672502,297.9947347,294.517286,0.0,0.0,0.0,0.0,0.0,26.18729617,14.63557344,43.9318727,98.33115331,0.0
barcode03B,2021-06-30,2S,2S,111.0,Low,High,1,S,3.0,NxW_B library,B,13.6,0.136,57.7,3297.1,3808.2,3.2971,3.8082,0.001147842,0.000464515,109.75,126.76,7098.0,8198.1,,100.0,20.0,467173818.3390719,589638831.2125758,19.962211948394046,20.195020756936273,0.207694959,,,102.29,,2.7828602785399994,2.0451520099551,0.0,0.0,0.0,0.0,21.70543566,0.0,34.17994833,0.0,0.0,0.0,13.1664231,15.63725179,0.0,0.0,0.0,0.0,37.00394846,0.0,42.01942612,44.78646131,14.45049272,16.41807695,11.85048668,0.0,0.0,0.0,0.0,0.0,0.0,0.0,0.0,0.0
barcode10B,2021-06-30,2N,2N,111.0,Low,High,1,N,10.0,NxW_B library,B,13.6,0.136,57.7,3297.1,3808.2,3.2971,3.8082,0.001147842,0.000464515,109.75,126.76,7098.0,8198.1,,100.0,20.0,562914180.7589297,710476586.2002507,20.14863774244049,20.38144655098272,0.207694959,,,102.29,,3.8944864171967497,4.74197098361035,0.0,0.0,0.0,28.65168493,0.0,0.0,19.74188278,0.0,0.0,0.0,18.67467895,0.0,0.0,0.0,0.0,0.0,69.07589249,0.0,71.29765749,62.65842531,20.58173668,20.30336162,12.16384157,0.0,0.0,0.0,0.0,0.0,0.0,0.0,0.0,0.0
barcode17B,2021-06-30,23N,23N,211.0,Low,High,2,N,17.0,NxW_B library,B,15.7,0.157,56.8,4344.1,5017.5,4.3441,5.0175,0.001147842,0.000464515,146.9,169.66,9352.0,10801.6,,100.0,20.0,449573674.3752456,531254887.97030705,19.923810301393594,20.090752479045857,0.153751458,,,75.36,,2.8016226832265496,2.0892921029286,27.62386579,0.0,0.0,27.20976655,0.0,0.0,0.0,0.0,0.0,0.0,0.0,33.58322697,0.0,0.0,0.0,0.0,43.83863224,0.0,58.28703445,67.03357973,47.97763309,46.89481812,76.57834224,0.0,0.0,0.0,0.0,0.0,0.0,0.0,0.0,0.0
barcode26B,2021-06-30,23S,23S,211.0,Low,High,2,S,26.0,NxW_B library,B,15.7,0.157,56.8,4344.1,5017.5,4.3441,5.0175,0.001147842,0.000464515,146.9,169.66,9352.0,10801.6,,100.0,20.0,624451617.7247431,737905694.0516927,20.252384410909364,20.419326588561628,0.153751458,,,75.36,,2.2206488341844994,0.9492038985379,45.737605380000005,0.0,0.0,30.22279789,0.0,0.0,0.0,0.0,0.0,0.0,26.09173991,40.47974041,0.0,0.0,0.0,0.0,34.09637065,18.45972336,51.87105113,143.6225774,35.38158727,35.53817922,67.29665574,0.0,256.7607227,0.0,0.0,16.68764572,0.0,15.68742907,0.0,0.0
barcode35B,2021-06-30,32S,32S,311.0,Low,High,3,S,35.0,NxW_B library,B,13.6,0.136,58.1,3545.0,4094.5,3.545,4.0945,0.001147842,0.000464515,117.19,135.35,7631.6,8814.5,,100.0,20.0,865205166.3478662,986779093.9709713,20.5784772233012,20.709956756715048,0.12320278,,,72.92,,6.4416637358886994,2.063212793925449,30.64379282,0.0,0.0,31.28376509,0.0,0.0,0.0,0.0,0.0,0.0,22.89532997,39.87390073,0.0,0.0,0.0,0.0,61.79900919,0.0,102.3542503,26.01614984,33.439922499999994,26.35970965,20.72598676,0.0,80.83595518,49.67524256,48.2342177,0.0,0.0,13.29985273,0.0,0.0
barcode04B,2021-06-30,3S,3S,115.0,Optimal,High,1,S,4.0,NxW_B library,B,13.5,0.135,59.0,5874.9,6785.5,5.8749,6.7855,0.001147842,0.000464515,191.25,220.89,12647.4,14607.7,,100.0,200.0,871651141.0435754,1004013963.4892937,20.58589983421428,20.727271765977093,0.131833647,,,89.05,,2.3155288483312497,1.7393935764788997,78.17909321,11.8322939,0.0,41.32039066,0.0,0.0,0.0,0.0,0.0,0.0,37.64442567,44.75152887,18.00960542,21.5620329,0.0,0.0,0.0,0.0,0.0,46.86746712,69.05482336,80.12471627,19.33022345,0.0,0.0,0.0,0.0,19.57814103,0.0,41.05126096,0.0,0.0
barcode18B,2021-06-30,3N,3N,115.0,Optimal,High,1,N,18.0,NxW_B library,B,13.5,0.135,59.0,5874.9,6785.5,5.8749,6.7855,0.001147842,0.000464515,191.25,220.89,12647.4,14607.7,,100.0,200.0,592111452.4509455,682025340.4256793,20.199205439404032,20.34057737116685,0.131833647,,,89.05,,2.894774197600249,1.6072792851249995,0.0,0.0,0.0,0.0,0.0,0.0,0.0,0.0,0.0,0.0,19.34770829,27.85327153,0.0,0.0,0.0,0.0,72.32500975,0.0,71.51651694,24.23375957,19.9248801,21.64468726,15.6649657,0.0,0.0,0.0,0.0,0.0,0.0,0.0,0.0,0.0
barcode09B,2021-06-30,20S,20S,215.0,Optimal,High,2,S,9.0,NxW_B library,B,15.0,0.15,57.7,4795.1,5538.3,4.7951,5.5383,0.001147842,0.000464515,159.62,184.36,10322.8,11922.9,,100.0,200.0,783109129.7622874,889162524.5365431,20.478782618141636,20.605790594020604,0.119273352,,,78.0,,3.236069911120649,2.3626934294945494,0.0,0.0,0.0,0.0,0.0,0.0,0.0,0.0,0.0,0.0,35.42931589,0.0,0.0,30.59167827,0.0,0.0,0.0,0.0,0.0,19.73975932,30.50668823,36.70499881,20.35534642,0.0,0.0,0.0,0.0,0.0,0.0,0.0,0.0,0.0
barcode14B,2021-06-30,20N,20N,215.0,Optimal,High,2,N,14.0,NxW_B library,B,15.0,0.15,57.7,4795.1,5538.3,4.7951,5.5383,0.001147842,0.000464515,159.62,184.36,10322.8,11922.9,,100.0,200.0,848252059.4437686,963127505.4184221,20.558688389499245,20.68569636537821,0.119273352,,,78.0,,1.849853663421149,2.8361263613556,18.45341799,0.0,0.0,0.0,0.0,0.0,0.0,0.0,0.0,0.0,36.80863482,0.0,0.0,0.0,0.0,0.0,0.0,0.0,0.0,22.78473432,45.99803457,67.59611759,0.0,0.0,0.0,0.0,0.0,0.0,0.0,0.0,0.0,0.0
barcode06B,2021-06-30,6N,6N,116.0,High,High,1,N,6.0,NxW_B library,B,15.0,0.15,58.8,5345.4,6173.9,5.3454,6.1739,0.001147842,0.000464515,174.6,201.67,11507.5,13291.1,,100.0,245.0,686739601.1884397,766597976.7977399,20.347465740762317,20.457473071718287,0.104172432,,,67.0,,2.8714767116410496,0.7672265505035998,0.0,0.0,0.0,19.59969802,0.0,0.0,15.23290648,0.0,0.0,0.0,64.99931756,43.00988132,10.33882239,30.09193281,0.0,0.0,18.06969027,0.0,0.0,121.40854399999999,70.411017,67.07723,53.74909034,0.0,0.0,0.0,0.0,16.86958626,0.0,18.24793221,0.0,0.0
barcode28B,2021-06-30,6S,6S,116.0,High,High,1,S,28.0,NxW_B library,B,15.0,0.15,58.8,5345.4,6173.9,5.3454,6.1739,0.001147842,0.000464515,174.6,201.67,11507.5,13291.1,,100.0,245.0,923155032.2578334,1030505272.7042592,20.64330774397227,20.75331507492824,0.104172432,,,67.0,,3.12072345282385,4.1712162826903,21.40445865,0.0,0.0,54.78397011,0.0,0.0,20.68351721,16.95329878,0.0,34.17223401,29.41540024,55.16810564,21.365937600000002,49.457547399999996,0.0,20.6518019,44.9185956,0.0,69.91961092,111.1757076,53.38850321,55.9438686,74.01017661,0.0,0.0,17.19715975,18.06846001,0.0,0.0,12.70656494,21.47866566,0.0
barcode19B,2021-06-30,22N,22N,216.0,High,High,2,N,19.0,NxW_B library,B,15.1,0.151,58.8,5485.9,6336.2,5.4859,6.3362,0.001147842,0.000464515,179.19,206.97,11809.9,13640.5,,100.0,245.0,707764559.7810311,796329532.9275882,20.377622053671253,20.495523644229998,0.111216487,,,85.12,,3.6375678803244,2.8805641655393,64.44651111,0.0,0.0,30.16513983,0.0,0.0,0.0,16.27327989,0.0,0.0,55.75846834,0.0,0.0,0.0,0.0,0.0,0.0,0.0,0.0,24.62019736,80.81337154,72.30731120000002,0.0,0.0,0.0,0.0,0.0,0.0,0.0,19.71315166,0.0,0.0
barcode27B,2021-06-30,22S,22S,216.0,High,High,2,S,27.0,NxW_B library,B,15.1,0.151,58.8,5485.9,6336.2,5.4859,6.3362,0.001147842,0.000464515,179.19,206.97,11809.9,13640.5,,100.0,245.0,454476762.4865376,511346976.8948533,19.934657342632363,20.0525589331911,0.111216487,,,85.12,,3.2803662561884,1.7795405572636498,13.61820673,0.0,0.0,13.48647695,0.0,0.0,0.0,0.0,0.0,0.0,33.64133294,0.0,0.0,0.0,0.0,14.78534068,0.0,0.0,25.20742536,53.86360212,53.73826916,43.8793426,14.4205219,0.0,0.0,0.0,0.0,0.0,0.0,0.0,0.0,0.0
barcode21B,2021-06-30,35S,35S,316.0,High,High,3,S,21.0,NxW_B library,B,16.0,0.16,57.2,5585.4,6451.2,5.5854,6.4512,0.001147842,0.000464515,187.55,216.62,12024.2,13887.9,,100.0,245.0,784946910.398866,881991859.0160887,20.481126643394532,20.597693383787977,0.110029302,,,54.01,,13.2696934537527,1.2964489908277497,0.0,0.0,0.0,16.45820859,0.0,0.0,0.0,0.0,0.0,0.0,14.19211084,49.57302048,0.0,0.0,0.0,0.0,19.01380395,0.0,19.16063307,35.43840238,16.32612072,16.97912643,56.5992577,0.0,0.0,0.0,0.0,0.0,0.0,0.0,0.0,0.0
barcode37B,2021-06-30,35N,35N,316.0,High,High,3,N,37.0,NxW_B library,B,16.0,0.16,57.2,5585.4,6451.2,5.5854,6.4512,0.001147842,0.000464515,187.55,216.62,12024.2,13887.9,,100.0,245.0,1151288352.561426,1293625009.394889,20.864147458821613,20.980714199215058,0.110029302,,,54.01,,21.06355091882069,1.9508939734069493,15.16163232,0.0,0.0,20.42846502,0.0,0.0,0.0,0.0,0.0,0.0,22.09172267,18.73800704,0.0,11.92365304,0.0,0.0,54.99605565,0.0,59.86514407,15.30255776,26.97526053,29.15269616,22.6987617,0.0,0.0,0.0,0.0,11.99046952,0.0,0.0,0.0,0.0
barcode23B,2021-06-30,8S,8S,121.0,Low,Low,1,S,23.0,NxW_B library,B,13.3,0.133,58.9,2857.6,3300.6,2.8576,3.3006,0.001147842,0.000464515,93.18,107.63,6151.9,7105.4,,70.0,20.0,278598351.6684457,314249392.4806997,19.445281702811663,19.56569747219712,0.113448241,,,61.0,,1.8350517160794493,1.2869305857963995,12.18115051,0.0,0.0,12.51088726,0.0,0.0,0.0,0.0,0.0,0.0,32.22442169,0.0,12.44956773,0.0,0.0,0.0,34.74911966,0.0,29.23343694,35.41113254,20.1647042,28.05934724,0.0,0.0,0.0,0.0,0.0,0.0,0.0,0.0,0.0,0.0
barcode24B,2021-06-30,8N,8N,121.0,Low,Low,1,N,24.0,NxW_B library,B,13.3,0.133,58.9,2857.6,3300.6,2.8576,3.3006,0.001147842,0.000464515,93.18,107.63,6151.9,7105.4,,70.0,20.0,344634302.19923365,388735681.47670174,19.657994419179662,19.778410188565122,0.113448241,,,61.0,,1.7850244089191998,0.8425803107764498,12.31234089,0.0,0.0,12.23978685,0.0,0.0,0.0,0.0,0.0,0.0,32.05997155,0.0,0.0,0.0,0.0,0.0,42.46733642,0.0,39.58814136,101.1053912,34.85591894,29.28919957,0.0,0.0,0.0,0.0,0.0,0.0,0.0,0.0,0.0,0.0
barcode22B,2021-06-30,14N,14N,221.0,Low,Low,2,N,22.0,NxW_B library,B,12.0,0.12,57.9,2510.6,2899.8,2.5106,2.8998,0.001147842,0.000464515,83.28,96.19,5404.9,6242.6,,70.0,20.0,344184502.1863099,401514696.63833046,19.656688415121728,19.81075469501076,0.142784797,,,85.3,,3.28030986734575,3.8345692317772992,16.13551468,0.0,0.0,60.50018162,0.0,0.0,38.63559967,27.32160844,0.0,0.0,119.94086659999999,0.0,16.17194527,16.12468317,23.77876564,0.0,571.3413457,0.0,613.5500346,25.57284574,79.81321555,82.07537232,59.10169512,0.0,855.9406107000001,0.0,0.0,11.178035699999999,0.0,0.0,23.62456668,0.0
barcode31B,2021-06-30,14S,14S,221.0,Low,Low,2,S,31.0,NxW_B library,B,12.0,0.12,57.9,2510.6,2899.8,2.5106,2.8998,0.001147842,0.000464515,83.28,96.19,5404.9,6242.6,,70.0,20.0,135450074.69219816,158011750.39612332,18.724113677932642,18.87817995782168,0.142784797,,,85.3,,2.378383240230149,7.227679634071149,43.93947282,0.0,0.0,49.91113838,0.0,0.0,87.78415347,18.38024176,0.0,0.0,43.35279457,0.0,0.0,12.64267582,12.12845286,16.66226431,213.1504941,0.0,209.112472,89.56377304,38.70788298,52.40406475,17.71678646,0.0,0.0,0.0,0.0,0.0,0.0,0.0,0.0,0.0
barcode13B,2021-06-30,30S,30S,321.0,Low,Low,3,S,13.0,NxW_B library,B,13.5,0.135,55.1,1448.5,1673.1,1.4485,1.6731,0.001147842,0.000464515,50.49,58.32,3118.4,3601.7,,70.0,20.0,810903589.3967514,947171525.7815801,20.513659726340737,20.668990760178453,0.14386827800000002,,,81.48,,8.1841797785393,0.9922141747113998,17.72527232,0.0,0.0,23.21833589,0.0,0.0,0.0,0.0,0.0,0.0,60.47464451,145.5865365,22.539227899999997,21.46084352,0.0,0.0,27.74504213,0.0,16.37556027,70.25434556,64.70374635,61.65413196,222.454339,0.0,0.0,0.0,0.0,0.0,0.0,32.302382300000005,17.16382231,0.0
barcode20B,2021-06-30,30N,30N,321.0,Low,Low,3,N,20.0,NxW_B library,B,13.5,0.135,55.1,1448.5,1673.1,1.4485,1.6731,0.001147842,0.000464515,50.49,58.32,3118.4,3601.7,,70.0,20.0,773167094.421279,903093618.1351764,20.466005746738013,20.621336780575724,0.14386827800000002,,,81.48,,7.7148406874148,1.4088577763714998,15.11786351,0.0,0.0,27.62571895,0.0,0.0,0.0,0.0,0.0,0.0,49.79020971,355.9238702,12.52443684,22.17773196,0.0,11.98635991,48.96819441,0.0,76.71638593,163.4886783,126.54708629999999,128.8529432,544.7587307,0.0,0.0,0.0,21.98996793,0.0,0.0,20.69710013,20.48382577,0.0
barcode29B,2021-06-30,10S,10S,125.0,Optimal,Low,1,S,29.0,NxW_B library,B,11.5,0.115,59.6,2729.3,3152.3,2.7293,3.1523,0.001147842,0.000464515,87.95,101.59,5875.5,6786.2,,70.0,200.0,967156389.154322,1103210623.705564,20.689870766457464,20.82149051429689,0.123325711,,,82.94,,2.4596917739235,3.1960945279874995,19.54273335,0.0,10.96809692,35.89335475,0.0,0.0,0.0,0.0,0.0,0.0,37.21206104,41.83807289,225.4425387,17.63195284,0.0,0.0,24.73752003,0.0,0.0,98.65951036,38.92696907,56.48174862,27.04014596,0.0,0.0,0.0,0.0,0.0,0.0,23.28974866,0.0,0.0
barcode32B,2021-06-30,10N,10N,125.0,Optimal,Low,1,N,32.0,NxW_B library,B,11.5,0.115,59.6,2729.3,3152.3,2.7293,3.1523,0.001147842,0.000464515,87.95,101.59,5875.5,6786.2,,70.0,200.0,173107234.8889042,197459007.36562404,18.969421815280548,19.10104156311997,0.123325711,,,82.94,,2.0861285542418497,0.8946276922661999,13.01644911,0.0,10.53066931,18.87918705,0.0,0.0,0.0,0.0,0.0,0.0,14.45996903,16.2557577,54.76288222,0.0,0.0,0.0,0.0,0.0,0.0,30.00851987,19.66412386,13.18756203,0.0,0.0,0.0,0.0,0.0,0.0,0.0,0.0,0.0,0.0
barcode08B,2021-06-30,15N,15N,225.0,Optimal,Low,2,N,8.0,NxW_B library,B,11.6,0.116,58.1,2429.9,2806.6,2.4299,2.8066,0.001147842,0.000464515,80.33,92.78,5231.1,6042.0,,70.0,200.0,1297913193.794431,1574514289.5635624,20.984023576100146,21.17721267408409,0.17567391899999998,,,61.1,,2.1200701888635,1.0084491859414495,18.99769975,0.0,0.0,19.20562848,0.0,0.0,0.0,0.0,0.0,0.0,15.975378699999998,83.98167037,16.63250893,13.25660943,0.0,0.0,18.84374752,0.0,23.11873551,31.10691232,38.21569689,28.23501928,89.65372781,0.0,0.0,0.0,0.0,0.0,0.0,0.0,0.0,0.0
barcode15B,2021-06-30,15S,15S,225.0,Optimal,Low,2,S,15.0,NxW_B library,B,11.6,0.116,58.1,2429.9,2806.6,2.4299,2.8066,0.001147842,0.000464515,80.33,92.78,5231.1,6042.0,,70.0,200.0,978571366.2601756,1187116832.5440571,20.701604276489498,20.894793374473444,0.17567391899999998,,,61.1,,2.0985719899591,5.890639998644849,34.22580868,0.0,0.0,15.09630078,0.0,0.0,0.0,0.0,0.0,0.0,43.39571336,26.747438800000005,14.07572469,11.27706398,0.0,0.0,0.0,18.29159712,0.0,18.39426818,67.34647914,77.39251833,27.41595508,0.0,0.0,0.0,0.0,17.30713145,0.0,16.612923600000002,0.0,0.0
barcode16B,2021-06-30,28N,28N,325.0,Optimal,Low,3,N,16.0,NxW_B library,B,11.9,0.119,58.1,3428.1,3959.4,3.4281,3.9594,0.001147842,0.000464515,113.32,130.89,7379.9,8523.7,,70.0,200.0,1207604457.2339075,1356408797.4021525,20.91190444677549,21.0281064540412,0.109704641,,,74.95,,14.325309199157697,1.5191370399457995,22.33068157,0.0,0.0,0.0,0.0,0.0,0.0,0.0,0.0,0.0,206.22630790000002,0.0,0.0,0.0,0.0,0.0,0.0,0.0,0.0,19.41171244,215.50766710000002,264.9161336,0.0,0.0,0.0,0.0,0.0,0.0,0.0,0.0,17.32817436,0.0
barcode34B,2021-06-30,28S,28S,325.0,Optimal,Low,3,S,34.0,NxW_B library,B,11.9,0.119,58.1,3428.1,3959.4,3.4281,3.9594,0.001147842,0.000464515,113.32,130.89,7379.9,8523.7,,70.0,200.0,549639980.6235964,617368129.6518997,20.12477404117495,20.24097604844065,0.109704641,,,74.95,,9.821331783011699,2.08815115272555,0.0,0.0,0.0,0.0,0.0,0.0,0.0,0.0,0.0,0.0,29.07522403,14.81703471,0.0,0.0,0.0,0.0,24.9189711,0.0,31.51897966,66.33016969,40.927586600000005,19.90498739,36.2962033,0.0,0.0,0.0,17.84606966,0.0,0.0,0.0,0.0,0.0
barcode11B,2021-06-30,9N,9N,126.0,High,Low,1,N,11.0,NxW_B library,B,11.7,0.117,58.4,3344.0,3862.3,3.344,3.8623,0.001147842,0.000464515,109.98,127.02,7198.9,8314.8,,70.0,245.0,1822574620.7282953,2173202461.2511573,21.323515965167086,21.499467705188014,0.161341544,,,52.46,,1.8552268602813,1.39578649428505,59.165301310000004,0.0,0.0,32.72817526,0.0,0.0,0.0,24.70565283,0.0,0.0,35.16483238,40.42662823,193.705172,0.0,0.0,23.64031339,22.53157578,0.0,15.54280499,85.80822526,77.11250195,77.10995284,58.89634314,0.0,0.0,0.0,0.0,0.0,0.0,22.29913853,12.38241823,0.0
barcode33B,2021-06-30,9S,9S,126.0,High,Low,1,S,33.0,NxW_B library,B,11.7,0.117,58.4,3344.0,3862.3,3.344,3.8623,0.001147842,0.000464515,109.98,127.02,7198.9,8314.8,,70.0,245.0,1011538041.4199176,1206138248.7508333,20.734737822782247,20.910689562803167,0.161341544,,,52.46,,2.2847518507417,2.54527636605875,50.5646051,0.0,0.0,25.66410742,0.0,0.0,0.0,0.0,0.0,0.0,39.12923977,40.75007737,0.0,19.43328225,0.0,0.0,0.0,37.24714927,27.504055100000002,27.68731903,163.1913175,155.3387272,0.0,0.0,0.0,0.0,0.0,26.16659625,0.0,13.50869187,0.0,0.0
barcode05B,2021-06-30,13N,13N,226.0,High,Low,2,N,5.0,NxW_B library,B,12.4,0.124,59.2,3300.4,3812.0,3.3004,3.812,0.001147842,0.000464515,107.08,123.67,7105.1,8206.4,,70.0,245.0,679371552.6590755,790007902.8972553,20.33667874154401,20.487553507042715,0.14004461199999998,,,74.53,,10.87474121701375,6.638800902977801,29.17758969,0.0,0.0,23.39177861,0.0,0.0,0.0,18.97573935,0.0,0.0,104.5041238,0.0,14.91072049,0.0,0.0,13.06140217,0.0,0.0,22.44192743,15.38180443,209.30903080000002,177.25024630000001,13.05648348,0.0,0.0,0.0,0.0,0.0,0.0,0.0,16.259172,0.0
barcode12B,2021-06-30,13S,13S,226.0,High,Low,2,S,12.0,NxW_B library,B,12.4,0.124,59.2,3300.4,3812.0,3.3004,3.812,0.001147842,0.000464515,107.08,123.67,7105.1,8206.4,,70.0,245.0,904894291.3930445,1052257249.6435648,20.6233286897514,20.77420345525011,0.14004461199999998,,,74.53,,3.128478680104,3.799854531218749,15.76607423,0.0,0.0,11.74347882,0.0,0.0,0.0,14.74415047,0.0,0.0,23.43259094,50.37461117,0.0,22.7008342,0.0,0.0,0.0,0.0,0.0,48.47080713,29.22679981,34.66950865,26.62778399,0.0,0.0,47.30159723,58.71532707,29.52648268,0.0,0.0,13.96571606,0.0
barcode25B,2021-06-30,26N,26N,326.0,High,Low,3,N,25.0,NxW_B library,B,12.7,0.127,59.7,3336.1,3853.2,3.3361,3.8532,0.001147842,0.000464515,107.33,123.96,7181.9,8295.0,,70.0,245.0,587292479.6425457,646078176.7492594,20.191033515443195,20.286431071064676,0.09098852,,,81.16,,2.1613746781683503,1.1082076604834497,24.89522286,0.0,0.0,44.18237373,0.0,0.0,0.0,0.0,0.0,36.51847039,21.90805379,69.94575041,12.638047199999999,16.32021094,0.0,0.0,189.1574118,0.0,230.5586475,27.672659999999997,37.43625506,39.84768103,116.43392620000002,0.0,0.0,12.9450155,0.0,0.0,0.0,19.21395839,16.44600436,0.0
barcode36B,2021-06-30,26S,26S,326.0,High,Low,3,S,36.0,NxW_B library,B,12.7,0.127,59.7,3336.1,3853.2,3.3361,3.8532,0.001147842,0.000464515,107.33,123.96,7181.9,8295.0,,70.0,245.0,826108149.4043528,908798367.875786,20.53223625439674,20.627633810018217,0.09098852,,,81.16,,10.727215102537,0.9650556642525496,20.77152447,0.0,0.0,29.19503417,0.0,0.0,0.0,0.0,0.0,0.0,81.9991955,45.95044401,13.93661758,17.96634322,0.0,0.0,57.72861809,12.78442122,73.20701932,31.58676915,101.6649754,112.14206920000001,21.97861657,0.0,0.0,36.71051639,32.08316892,11.73725184,0.0,16.16254292,0.0,0.0
barcode04A,2021-07-27,2S,2S,111.0,Low,High,1,S,4.0,NxW_A library,A,13.6,0.136,57.7,3297.1,3808.2,3.2971,3.8082,0.001147842,0.000464515,109.75,126.76,7098.0,8198.1,,100.0,20.0,685433055.2278353,851299654.1340723,20.3455613938868,20.56227474457448,0.194839265,318.0,,,,4.454570814419599,0.8930759864053498,41.34355556,0.0,0.0,19.20349313,0.0,0.0,444.21779960000003,48.18820775,0.0,0.0,299.0322565,0.0,13.32379921,0.0,0.0,0.0,84.70678475,0.0,66.05214299,60.07475944,441.69867710000005,550.1413287,0.0,0.0,0.0,0.0,0.0,0.0,0.0,12.49410524,507.01413770000005,0.0
barcode10A,2021-07-27,2N,2N,111.0,Low,High,1,N,10.0,NxW_A library,A,13.6,0.136,57.7,3297.1,3808.2,3.2971,3.8082,0.001147842,0.000464515,109.75,126.76,7098.0,8198.1,,100.0,20.0,2356312556.32555,2926512004.246643,21.580363757911854,21.797077108599535,0.194839265,318.0,,,,4.2984884998025,0.8469521985307998,24.22438465,0.0,0.0,13.791380800000002,0.0,0.0,190.46797809999998,0.0,0.0,0.0,22.75481019,0.0,0.0,0.0,0.0,0.0,0.0,0.0,0.0,18.01209365,56.8403639,43.17310879,0.0,0.0,0.0,0.0,0.0,0.0,0.0,0.0,39.97559382,0.0
barcode06A,2021-07-27,23S,23S,211.0,Low,High,2,S,6.0,NxW_A library,A,15.7,0.157,56.8,4344.1,5017.5,4.3441,5.0175,0.001147842,0.000464515,146.9,169.66,9352.0,10801.6,,100.0,20.0,2016340623.3914835,2543062638.3329787,21.42455013289901,21.656634954751528,0.207121133,,,,,2.1040377443705496,0.7128873087346498,49.88635592,0.0,0.0,30.55948488,12.35131404,0.0,50.17952503,30.29440404,0.0,0.0,79.72397990000002,50.65676952,14.42056067,0.0,0.0,0.0,23.91876634,0.0,23.25031883,37.92063408,95.13419132,104.6265578,17.87549831,0.0,0.0,0.0,0.0,20.16496864,0.0,21.59882294,47.39981117,0.0
barcode12A,2021-07-27,23N,23N,211.0,Low,High,2,N,12.0,NxW_A library,A,15.7,0.157,56.8,4344.1,5017.5,4.3441,5.0175,0.001147842,0.000464515,146.9,169.66,9352.0,10801.6,,100.0,20.0,676714937.0026302,853490949.4600394,20.33276067425961,20.56484549611213,0.207121133,,,,,2.168361445084249,0.6074085257793999,14.06893162,0.0,0.0,18.1080319,0.0,0.0,0.0,0.0,0.0,0.0,0.0,108.90315420000002,14.57808312,0.0,0.0,0.0,0.0,0.0,0.0,28.90635233,34.99328232,23.09349857,133.132394,0.0,0.0,0.0,0.0,0.0,0.0,0.0,0.0,0.0
barcode02A,2021-07-27,32N,32N,311.0,Low,High,3,N,2.0,NxW_A library,A,13.6,0.136,58.1,3545.0,4094.5,3.545,4.0945,0.001147842,0.000464515,117.19,135.35,7631.6,8814.5,,100.0,20.0,874131835.5145624,1094005222.925085,20.58874176379421,20.81311131508936,0.200980199,,,,,3.14469983314465,0.97649158247585,50.0183549,0.0,0.0,13.73107605,0.0,0.0,44.8789527,0.0,0.0,0.0,31.95525737,37.5397643,0.0,0.0,0.0,0.0,0.0,0.0,0.0,30.04227153,52.17401584,68.84610952,19.89257799,0.0,0.0,30.20064279,24.86211946,13.05576001,0.0,15.542732500000001,27.30106662,0.0
barcode14A,2021-07-27,32S,32S,311.0,Low,High,3,S,14.0,NxW_A library,A,13.6,0.136,58.1,3545.0,4094.5,3.545,4.0945,0.001147842,0.000464515,117.19,135.35,7631.6,8814.5,,100.0,20.0,1167133324.1062462,1460706383.8036802,20.877816428889226,21.10218598018438,0.200980199,,,,,2.4029129034947494,0.9832654562635998,41.591281640000005,0.0,0.0,24.92621789,0.0,0.0,0.0,0.0,0.0,0.0,23.3645901,24.54831841,15.50354795,0.0,0.0,0.0,0.0,0.0,0.0,0.0,36.29200156,37.40976314,30.99851891,0.0,0.0,0.0,0.0,12.27040875,0.0,18.783654600000002,0.0,0.0
barcode19A,2021-07-27,3S,3S,115.0,Optimal,High,1,S,19.0,NxW_A library,A,13.5,0.135,59.0,5874.9,6785.5,5.8749,6.7855,0.001147842,0.000464515,191.25,220.89,12647.4,14607.7,,100.0,200.0,1538554800.8627944,1896496390.998283,21.154109371762328,21.36327401611134,0.188738345,268.0,,,,4.0677530906645485,0.9559925966877498,34.01870708,12.47175956,0.0,36.55866732,0.0,0.0,14.50634724,0.0,0.0,12.92954569,0.0,86.80712170000001,0.0,20.00894924,37.63203157,0.0,0.0,0.0,0.0,0.0,40.02126651,31.47966825,11.87604427,0.0,0.0,0.0,0.0,0.0,21.11399995,16.93848869,0.0,0.0
barcode26A,2021-07-27,3N,3N,115.0,Optimal,High,1,N,26.0,NxW_A library,A,13.5,0.135,59.0,5874.9,6785.5,5.8749,6.7855,0.001147842,0.000464515,191.25,220.89,12647.4,14607.7,,100.0,200.0,2443986406.130987,3012574785.2965965,21.61689631610076,21.826060960449773,0.188738345,268.0,,,,5.3382978425340495,0.9122919060563498,0.0,0.0,0.0,0.0,0.0,0.0,0.0,0.0,0.0,0.0,0.0,0.0,0.0,0.0,0.0,0.0,0.0,0.0,0.0,0.0,0.0,0.0,0.0,0.0,0.0,0.0,0.0,0.0,0.0,0.0,0.0,0.0
barcode22A,2021-07-27,20N,20N,215.0,Optimal,High,2,N,22.0,NxW_A library,A,15.0,0.15,57.7,4795.1,5538.3,4.7951,5.5383,0.001147842,0.000464515,159.62,184.36,10322.8,11922.9,,100.0,200.0,1639161559.7282689,2172741423.486009,21.217450703984586,21.49925553596581,0.24557909100000005,,,,,3.8653526753752,1.3130058956067496,0.0,0.0,0.0,0.0,0.0,0.0,0.0,0.0,0.0,0.0,59.02106249,0.0,0.0,0.0,0.0,0.0,0.0,0.0,0.0,0.0,44.72816992,59.5561564,0.0,0.0,0.0,0.0,0.0,0.0,0.0,0.0,0.0,0.0
barcode30A,2021-07-27,20S,20S,215.0,Optimal,High,2,S,30.0,NxW_A library,A,15.0,0.15,57.7,4795.1,5538.3,4.7951,5.5383,0.001147842,0.000464515,159.62,184.36,10322.8,11922.9,,100.0,200.0,1478398102.5234108,1959646246.3945453,21.114224975384566,21.39602980736579,0.24557909100000005,,,,,2.953896522154549,2.3931351102355496,34.83958917,0.0,12.32897153,14.33784333,18.39341565,0.0,0.0,0.0,0.0,0.0,138.4328851,0.0,0.0,20.14238174,0.0,0.0,0.0,0.0,25.00086272,22.641781899999998,144.3766087,96.21410555,0.0,0.0,0.0,0.0,0.0,0.0,0.0,16.68724743,0.0,0.0
barcode07A,2021-07-27,36S,36S,315.0,Optimal,High,3,S,7.0,NxW_A library,A,13.0,0.13,58.6,5296.7,6117.7,5.2967,6.1177,0.001147842,0.000464515,173.6,200.51,11402.7,13170.1,,100.0,200.0,797900672.2364995,975458661.9959358,20.497494676785358,20.698418340908045,0.18202513,292.0,,,,1.8728574911637497,1.3213116765609498,0.0,0.0,0.0,0.0,0.0,0.0,0.0,0.0,0.0,0.0,0.0,27.06243972,0.0,23.28336948,0.0,0.0,0.0,0.0,0.0,0.0,23.560171,15.09103978,26.28008516,0.0,0.0,0.0,0.0,0.0,0.0,0.0,0.0,0.0
barcode16A,2021-07-27,36N,36N,315.0,Optimal,High,3,N,16.0,NxW_A library,A,13.0,0.13,58.6,5296.7,6117.7,5.2967,6.1177,0.001147842,0.000464515,173.6,200.51,11402.7,13170.1,,100.0,200.0,1459249181.5047538,1783978010.8461692,21.1011878811467,21.30211154526939,0.18202513,292.0,,,,2.6890839709924994,1.2764461548963997,22.60849687,0.0,0.0,0.0,0.0,0.0,0.0,0.0,0.0,0.0,65.1957077,0.0,13.96020519,0.0,0.0,0.0,0.0,0.0,0.0,24.79757198,67.6486638,89.66817196,0.0,0.0,0.0,22.43777264,13.10332127,14.56113447,0.0,0.0,0.0,0.0
barcode35A,2021-07-27,6S,6S,116.0,High,High,1,S,35.0,NxW_A library,A,15.0,0.15,58.8,5345.4,6173.9,5.3454,6.1739,0.001147842,0.000464515,174.6,201.67,11507.5,13291.1,,100.0,245.0,2016553314.9414496,2531154474.435428,21.424655611274304,21.65194134961236,0.203306896,,,,,2.8769382953696496,2.9455644740805997,57.43715675,0.0,0.0,24.83728615,0.0,0.0,16.08533206,0.0,0.0,0.0,49.69948671,22.95834294,0.0,12.50719331,0.0,0.0,23.85515141,0.0,0.0,15.51399581,67.84978476,53.84984042,0.0,0.0,0.0,0.0,16.68417772,0.0,0.0,21.36507565,0.0,0.0
barcode39B,2021-07-27,6N,6N,116.0,High,High,1,N,39.0,NxW_B library,B,15.0,0.15,58.8,5345.4,6173.9,5.3454,6.1739,0.001147842,0.000464515,174.6,201.67,11507.5,13291.1,,100.0,245.0,563099175.2615012,706795593.4779887,20.14896632558428,20.37625206392234,0.203306896,,,,,3.7278982903450495,1.0852446854816498,16.73761335,0.0,0.0,0.0,0.0,0.0,0.0,0.0,0.0,0.0,27.42997993,0.0,0.0,0.0,0.0,0.0,0.0,0.0,0.0,0.0,31.6247392,33.10419412,0.0,0.0,0.0,0.0,0.0,0.0,0.0,14.83729202,0.0,0.0
barcode27A,2021-07-27,22N,22N,216.0,High,High,2,N,27.0,NxW_A library,A,15.1,0.151,58.8,5485.9,6336.2,5.4859,6.3362,0.001147842,0.000464515,179.19,206.97,11809.9,13640.5,,100.0,245.0,2142295053.5077255,2682381840.506877,21.48514354622139,21.70997098322568,0.201345975,,,,,18.1907225439017,39.881515225257104,34.737097430000006,0.0,0.0,19.30019233,0.0,0.0,62.88230872,0.0,0.0,0.0,0.0,15.48367596,36.09015529999999,0.0,0.0,0.0,0.0,0.0,0.0,26.89455703,46.518885100000006,67.95946138,0.0,0.0,0.0,0.0,0.0,0.0,0.0,0.0,0.0,0.0
barcode29A,2021-07-27,22S,22S,216.0,High,High,2,S,29.0,NxW_A library,A,15.1,0.151,58.8,5485.9,6336.2,5.4859,6.3362,0.001147842,0.000464515,179.19,206.97,11809.9,13640.5,,100.0,245.0,2244859523.5516186,2810803493.479693,21.531908783154627,21.756736220158906,0.201345975,,,,,3.0637474472971,2.3983333267188,15.89997017,0.0,0.0,36.82341495,0.0,0.0,0.0,0.0,0.0,13.09276581,39.30165057,0.0,0.0,23.36757694,0.0,0.0,29.13271921,0.0,0.0,31.07504222,70.81022897,68.08085527,0.0,0.0,0.0,0.0,0.0,0.0,0.0,27.16482454,0.0,0.0
barcode37A,2021-07-27,35N,35N,316.0,High,High,3,N,37.0,NxW_A library,A,16.0,0.16,57.2,5585.4,6451.2,5.5854,6.4512,0.001147842,0.000464515,187.55,216.62,12024.2,13887.9,,100.0,245.0,1116011150.7914937,1408706507.6344304,20.833026692604264,21.06593774982264,0.207775967,254.0,,,,31.332007552480196,3.4101252975913496,19.42480318,0.0,0.0,21.0303596,0.0,17.22347294,20.80524682,0.0,0.0,0.0,21.61100308,0.0,0.0,0.0,0.0,0.0,0.0,0.0,0.0,15.59072714,38.86481697,37.23629145,0.0,0.0,0.0,0.0,19.53654085,0.0,0.0,0.0,0.0,0.0
barcode38B,2021-07-27,35S,35S,316.0,High,High,3,S,38.0,NxW_B library,B,16.0,0.16,57.2,5585.4,6451.2,5.5854,6.4512,0.001147842,0.000464515,187.55,216.62,12024.2,13887.9,,100.0,245.0,307408846.19917965,388032719.77887547,19.54368916614065,19.776600223359033,0.207775967,254.0,,,,3.5262037841439997,1.0912762449730995,0.0,0.0,0.0,11.96414216,0.0,0.0,0.0,0.0,0.0,0.0,21.67679687,0.0,0.0,14.58943921,0.0,0.0,22.09159695,0.0,34.20561294,0.0,23.40535065,22.86466863,0.0,0.0,0.0,0.0,0.0,0.0,0.0,0.0,19.96705274,0.0
barcode03A,2021-07-27,8N,8N,121.0,Low,Low,1,N,3.0,NxW_A library,A,13.3,0.133,58.9,2857.6,3300.6,2.8576,3.3006,0.001147842,0.000464515,93.18,107.63,6151.9,7105.4,,70.0,20.0,888303277.8214439,949105195.5901023,20.604823771726867,20.671030199314057,0.064062359,,,,,9.818354587966798,10.660524036604698,14.28922532,0.0,0.0,0.0,0.0,0.0,0.0,0.0,0.0,0.0,35.55174997,0.0,0.0,0.0,0.0,0.0,17.03914929,0.0,22.99456038,69.60602541,42.49768302,0.0,13.42689556,0.0,0.0,0.0,0.0,0.0,0.0,14.39063083,0.0,0.0
barcode09A,2021-07-27,8S,8S,121.0,Low,Low,1,S,9.0,NxW_A library,A,13.3,0.133,58.9,2857.6,3300.6,2.8576,3.3006,0.001147842,0.000464515,93.18,107.63,6151.9,7105.4,,70.0,20.0,1318147509.5396626,1408371083.495789,20.999493185990087,21.065699613577284,0.064062359,,,,,4.0132839199636,1.6599740975959998,0.0,0.0,0.0,0.0,0.0,0.0,0.0,15.97734273,0.0,0.0,15.68025527,0.0,0.0,0.0,0.0,15.27790551,0.0,0.0,0.0,16.97376107,14.00936814,18.19506547,27.17126264,0.0,0.0,0.0,0.0,0.0,0.0,0.0,0.0,0.0
barcode08A,2021-07-27,14N,14N,221.0,Low,Low,2,N,8.0,NxW_A library,A,12.0,0.12,57.9,2510.6,2899.8,2.5106,2.8998,0.001147842,0.000464515,83.28,96.19,5404.9,6242.6,,70.0,20.0,1179638602.2151887,1262016467.1318266,20.8884739592048,20.955976649420734,0.065274794,,,,,4.2512206950793,0.8449062561041498,22.25978037,0.0,0.0,21.3245296,12.93769134,0.0,0.0,0.0,0.0,0.0,44.318194899999995,16.82231176,0.0,0.0,0.0,0.0,0.0,0.0,0.0,80.78232185,59.39915335,73.65728039,19.67002642,0.0,0.0,231.45201919999997,234.2442375,0.0,0.0,11.29599111,0.0,0.0
barcode13A,2021-07-27,14S,14S,221.0,Low,Low,2,S,13.0,NxW_A library,A,12.0,0.12,57.9,2510.6,2899.8,2.5106,2.8998,0.001147842,0.000464515,83.28,96.19,5404.9,6242.6,,70.0,20.0,942186752.2177367,1007982609.4020369,20.66371406365348,20.731216753869415,0.065274794,,,,,5.965610807065,1.5631309673541998,0.0,0.0,0.0,14.97164345,0.0,0.0,51.95263564,21.66129093,0.0,0.0,32.77592965,0.0,0.0,0.0,0.0,0.0,145.283717,0.0,168.398942,76.00147693,50.10244389,42.96846752,13.99592002,0.0,0.0,19.91104046,24.91394988,0.0,0.0,0.0,48.91832194,0.0
barcode05A,2021-07-27,30N,30N,321.0,Low,Low,3,N,5.0,NxW_A library,A,13.5,0.135,55.1,1448.5,1673.1,1.4485,1.6731,0.001147842,0.000464515,50.49,58.32,3118.4,3601.7,,70.0,20.0,1704134306.008308,1783051699.9566367,21.256323080327547,21.30159217145675,0.044259734,174.0,,,,2.4085521004769,1.2445977412752496,39.91874704,0.0,0.0,78.79626438,0.0,0.0,0.0,0.0,0.0,169.5857521,24.34478859,37.43303941,0.0,23.51903614,0.0,19.73361315,0.0,0.0,0.0,45.58698086,39.57290879,55.44803346,29.74599948,0.0,0.0,0.0,0.0,0.0,0.0,18.55740977,0.0,0.0
barcode11A,2021-07-27,30S,30S,321.0,Low,Low,3,S,11.0,NxW_A library,A,13.5,0.135,55.1,1448.5,1673.1,1.4485,1.6731,0.001147842,0.000464515,50.49,58.32,3118.4,3601.7,,70.0,20.0,1600685811.7019234,1674812570.575449,21.193698006669266,21.23896709779846,0.044259734,174.0,,,,2.5338032557907493,3.0581614839648497,44.86617571,0.0,0.0,41.90606648,0.0,0.0,0.0,0.0,0.0,20.47306489,24.45040684,131.56614109999998,15.05809078,68.62458627,30.39159392,0.0,122.17484850000001,0.0,127.74546070000001,101.7303624,45.1662353,71.73263361,204.6995489,0.0,0.0,20.63422111,0.0,0.0,18.82853078,27.41864376,0.0,0.0
barcode17A,2021-07-27,10N,10N,125.0,Optimal,Low,1,N,17.0,NxW_A library,A,11.5,0.115,59.6,2729.3,3152.3,2.7293,3.1523,0.001147842,0.000464515,87.95,101.59,5875.5,6786.2,,70.0,200.0,4072893014.0849056,4399037182.061125,22.127619398163578,22.204651531666713,0.074139898,233.0,,,,8.8851141579337,11.5963203857268,0.0,0.0,0.0,0.0,0.0,0.0,0.0,0.0,0.0,0.0,15.05655377,0.0,0.0,0.0,0.0,0.0,0.0,0.0,0.0,0.0,12.8627546,27.98852032,0.0,0.0,0.0,0.0,0.0,0.0,0.0,0.0,0.0,0.0
barcode21A,2021-07-27,10S,10S,125.0,Optimal,Low,1,S,21.0,NxW_A library,A,11.5,0.115,59.6,2729.3,3152.3,2.7293,3.1523,0.001147842,0.000464515,87.95,101.59,5875.5,6786.2,,70.0,200.0,3644364970.741873,3936193991.8023095,22.016447967953887,22.093480101457015,0.074139898,233.0,,,,4.4456564432992,11.536020512975247,0.0,0.0,0.0,19.22750673,0.0,0.0,0.0,0.0,0.0,0.0,0.0,0.0,16.40857631,0.0,0.0,0.0,0.0,0.0,0.0,0.0,30.07513959,15.56112568,0.0,0.0,0.0,0.0,0.0,0.0,0.0,0.0,0.0,0.0
barcode01A,2021-07-27,15N,15N,225.0,Optimal,Low,2,N,1.0,NxW_A library,A,11.6,0.116,58.1,2429.9,2806.6,2.4299,2.8066,0.001147842,0.000464515,80.33,92.78,5231.1,6042.0,,70.0,200.0,4411825704.680807,4822155770.990932,22.20755443272524,22.29648692041235,0.085092661,298.0,,,,4.39914019203885,2.152644499691,0.0,0.0,0.0,0.0,0.0,0.0,0.0,0.0,0.0,0.0,18.89197434,0.0,0.0,0.0,0.0,0.0,0.0,0.0,0.0,0.0,14.94861134,21.83234569,0.0,0.0,0.0,0.0,0.0,0.0,0.0,0.0,0.0,0.0
barcode23A,2021-07-27,15S,15S,225.0,Optimal,Low,2,S,23.0,NxW_A library,A,11.6,0.116,58.1,2429.9,2806.6,2.4299,2.8066,0.001147842,0.000464515,80.33,92.78,5231.1,6042.0,,70.0,200.0,2412224624.275679,2636578068.01753,21.603815239284376,21.692747726971486,0.085092661,298.0,,,,10.14662091453205,4.017058723077,15.00055081,0.0,0.0,13.73817879,43.81266379,0.0,0.0,0.0,0.0,0.0,30.64719487,34.18999397,16.57702451,0.0,0.0,15.12684266,0.0,0.0,0.0,27.40426144,51.62285196,55.73223121,38.71500979,0.0,0.0,0.0,0.0,0.0,0.0,13.09838906,0.0,0.0
barcode15A,2021-07-27,28S,28S,325.0,Optimal,Low,3,S,15.0,NxW_A library,A,11.9,0.119,58.1,3428.1,3959.4,3.4281,3.9594,0.001147842,0.000464515,113.32,130.89,7379.9,8523.7,,70.0,200.0,859760192.1612452,936362506.9275248,20.572164062002827,20.657513253189002,0.08180839599999999,,,,,2.3765115866159494,1.2066407668885,0.0,0.0,0.0,0.0,0.0,0.0,0.0,0.0,0.0,0.0,32.09958084,0.0,0.0,0.0,0.0,0.0,0.0,0.0,0.0,22.18335749,51.91713355,56.33197137,0.0,0.0,0.0,11.40806632,12.45764167,0.0,0.0,0.0,0.0,0.0
barcode20A,2021-07-27,28N,28N,325.0,Optimal,Low,3,N,20.0,NxW_A library,A,11.9,0.119,58.1,3428.1,3959.4,3.4281,3.9594,0.001147842,0.000464515,113.32,130.89,7379.9,8523.7,,70.0,200.0,2247073489.687737,2447281678.354072,21.53289453530581,21.61824372649198,0.08180839599999999,,,,,7.3049058841123,2.5794743805468494,634.59397893,0.0,11.77569763,86.01279535,20.84037244,15.72968331,28.07308536,141.57992480000001,0.0,0.0,79.1408273,64.27438351,21.10793438,19.17368762,0.0,0.0,36.40959623,0.0,31.31109958,77.49091921,119.705678,108.4136495,27.96148495,0.0,0.0,17.45141649,14.69318664,22.60990106,19.26361575,53.12136147,29.99031142,0.0
barcode25A,2021-07-27,9S,9S,126.0,High,Low,1,S,25.0,NxW_A library,A,11.7,0.117,58.4,3344.0,3862.3,3.344,3.8623,0.001147842,0.000464515,109.98,127.02,7198.9,8314.8,,70.0,245.0,3722795383.7665615,4095987502.014685,22.03774067028542,22.133273673413008,0.091111635,189.0,,,,5.0951510416594985,4.085048012400949,0.0,0.0,0.0,0.0,0.0,0.0,0.0,0.0,0.0,0.0,15.22774642,0.0,0.0,0.0,0.0,0.0,0.0,0.0,0.0,21.10515216,28.63607222,26.04706762,0.0,0.0,0.0,0.0,0.0,0.0,0.0,0.0,0.0,0.0
barcode28A,2021-07-27,13N,13N,226.0,High,Low,2,N,28.0,NxW_A library,A,12.4,0.124,59.2,3300.4,3812.0,3.3004,3.812,0.001147842,0.000464515,107.08,123.67,7105.1,8206.4,,70.0,245.0,2114583553.3629906,2175757203.826992,21.47212372857379,21.50064258059107,0.028116028,,,,,3.601254923883649,2.4750459315555497,0.0,0.0,0.0,15.38468818,0.0,0.0,0.0,0.0,0.0,0.0,34.05553803,92.51195788,0.0,14.70366733,0.0,0.0,0.0,0.0,0.0,74.55871348,33.04642132,38.37677077,135.2162127,0.0,0.0,13.29999953,22.89668151,0.0,0.0,0.0,0.0,0.0
barcode36A,2021-07-27,13S,13S,226.0,High,Low,2,S,36.0,NxW_A library,A,12.4,0.124,59.2,3300.4,3812.0,3.3004,3.812,0.001147842,0.000464515,107.08,123.67,7105.1,8206.4,,70.0,245.0,2505306633.9075546,2577783671.801879,21.641676972737432,21.67019582475471,0.028116028,,,,,9.848643844316296,6.019207287318499,0.0,0.0,0.0,13.85441533,0.0,0.0,0.0,0.0,0.0,0.0,48.52812572,38.17467122,0.0,0.0,0.0,0.0,21.50653238,0.0,12.87042562,32.22964052,26.59144539,41.92766032,37.74137613,0.0,0.0,0.0,0.0,11.9819371,0.0,0.0,0.0,0.0
barcode18A,2021-07-27,26S,26S,326.0,High,Low,3,S,18.0,NxW_A library,A,12.7,0.127,59.7,3336.1,3853.2,3.3361,3.8532,0.001147842,0.000464515,107.33,123.96,7181.9,8295.0,,70.0,245.0,1978298013.308521,2141004660.1660087,21.40550272275605,21.48454102318214,0.075995466,181.0,,,,3.862501145548899,1.6938151673139497,0.0,0.0,0.0,0.0,0.0,0.0,0.0,0.0,0.0,0.0,35.74396535,24.14593184,0.0,0.0,0.0,0.0,0.0,0.0,0.0,59.01415596,36.89117664,40.9013561,61.41661838,0.0,0.0,0.0,16.26921268,0.0,0.0,0.0,0.0,0.0
barcode24A,2021-07-27,26N,26N,326.0,High,Low,3,N,24.0,NxW_A library,A,12.7,0.127,59.7,3336.1,3853.2,3.3361,3.8532,0.001147842,0.000464515,107.33,123.96,7181.9,8295.0,,70.0,245.0,2203702378.6586328,2384947581.500323,21.513404682212528,21.592442982638605,0.075995466,181.0,,,,48.8936960946972,30.8528292298246,12.99040253,0.0,0.0,20.08356318,0.0,0.0,0.0,0.0,0.0,0.0,32.29299344,69.21485417,0.0,0.0,0.0,0.0,0.0,0.0,18.07498207,68.69244656,35.53316096,48.60107332,55.80567224,0.0,0.0,16.84447905,0.0,0.0,0.0,18.04578411,0.0,0.0
barcode59A,2021-08-10,2N,2N,111.0,Low,High,1,N,59.0,NxW_A library,A,13.6,0.136,57.7,3297.1,3808.2,3.2971,3.8082,0.001147842,0.000464515,109.75,126.76,7098.0,8198.1,,100.0,20.0,1233262681.2471895,1516601272.6857307,20.932929080812357,21.139737663401093,0.186824709,593.6,,,,2.2231807054367496,0.4873653730901499,0.0,0.0,0.0,0.0,0.0,0.0,89.08249714,0.0,0.0,0.0,0.0,0.0,0.0,0.0,0.0,0.0,11.45597972,13.72286448,0.0,24.07959358,29.80294761,0.0,18.3509542,0.0,0.0,0.0,0.0,0.0,0.0,0.0,0.0,0.0
barcode63A,2021-08-10,2S,2S,111.0,Low,High,1,S,63.0,NxW_A library,A,13.6,0.136,57.7,3297.1,3808.2,3.2971,3.8082,0.001147842,0.000464515,109.75,126.76,7098.0,8198.1,,100.0,20.0,1852158994.490397,2277687252.6619806,21.339617819642285,21.546426402231027,0.186824709,593.6,,,,1.7716728538068496,0.5078172708488998,98.27532263,12.3736356,30.00394414,67.01079597,0.0,14.30195804,201.0263874,55.37687392,15.85543205,19.25340192,37.10186097,18.32522421,25.6850853,32.91567898,0.0,20.480929,22.24105287,0.0,25.98137233,154.83461409999998,77.73656820000001,94.04677362,21.40329658,0.0,13366.37928,0.0,0.0,19.217871600000002,0.0,33.02403233,26.54000371,0.0
barcode76A,2021-08-10,23S,23S,211.0,Low,High,2,S,76.0,NxW_A library,A,15.7,0.157,56.8,4344.1,5017.5,4.3441,5.0175,0.001147842,0.000464515,146.9,169.66,9352.0,10801.6,,100.0,20.0,1313646000.3696187,1634023836.5672488,20.996072314601086,21.214311421140273,0.196066807,583.14,,,,2.10530494151335,0.4841303623699499,455.7601154899999,0.0,0.0,93.95084005,0.0,0.0,86.94134557,141.0526365,0.0,0.0,29.86773889,25.34260124,18.92740635,18.32613717,0.0,0.0,19.80993588,0.0,0.0,36.15199564,103.3493132,88.40417131,16.6667659,0.0,0.0,14.76477285,0.0,18.59835153,13.906321799999999,41.23619884,29.79195507,0.0
barcode86A,2021-08-10,23N,23N,211.0,Low,High,2,N,86.0,NxW_A library,A,15.7,0.157,56.8,4344.1,5017.5,4.3441,5.0175,0.001147842,0.000464515,146.9,169.66,9352.0,10801.6,,100.0,20.0,1204631333.6729007,1498422187.5173905,20.909439409918228,21.127678516457426,0.196066807,583.14,,,,2.276968150509,0.5255078290974499,19.24279968,0.0,0.0,22.8891542,0.0,0.0,0.0,0.0,0.0,0.0,34.39512277,57.96435279,0.0,12.04109264,0.0,0.0,0.0,0.0,0.0,55.58933639999999,40.99377317,52.60048508,62.98253933,0.0,0.0,45.69720349,44.23174978,0.0,0.0,0.0,0.0,0.0
barcode02B,2021-08-10,32S,32S,311.0,Low,High,3,S,2.0,NxW_B library,B,13.6,0.136,58.1,3545.0,4094.5,3.545,4.0945,0.001147842,0.000464515,117.19,135.35,7631.6,8814.5,,100.0,20.0,615131130.4870902,759217029.0333662,20.237346023346785,20.447798235242058,0.189782227,478.1,,,,3.5904069901201487,0.5291154125993498,0.0,0.0,0.0,0.0,0.0,0.0,15.63473357,0.0,0.0,0.0,23.38330754,40.94189953,0.0,0.0,0.0,0.0,0.0,0.0,0.0,39.6459729,38.13675662,34.44095916,35.57092422,0.0,0.0,10.52828829,10.52690793,0.0,0.0,0.0,25.64592034,0.0
barcode80A,2021-08-10,32N,32N,311.0,Low,High,3,N,80.0,NxW_A library,A,13.6,0.136,58.1,3545.0,4094.5,3.545,4.0945,0.001147842,0.000464515,117.19,135.35,7631.6,8814.5,,100.0,20.0,1068905108.5800176,1319281240.427711,20.789900698519887,21.000352910415163,0.189782227,478.1,,,,2.51703078689805,0.5070477232601498,26.38024453,0.0,0.0,34.75516369,0.0,0.0,0.0,0.0,0.0,0.0,83.5677792,18.46910015,0.0,42.74426438,0.0,0.0,0.0,0.0,0.0,27.09300742,54.05866724,68.66113991,28.18472289,0.0,0.0,51.33686144,69.55643483,17.73006978,11.69352985,26.51558267,0.0,0.0
barcode60A,2021-08-10,3N,3N,115.0,Optimal,High,1,N,60.0,NxW_A library,A,13.5,0.135,59.0,5874.9,6785.5,5.8749,6.7855,0.001147842,0.000464515,191.25,220.89,12647.4,14607.7,,100.0,200.0,3171274058.690134,3883367023.119075,21.877399255349626,22.079968403733687,0.183369988,806.08,,,,2.13617289720125,0.5328292224182999,42.99825665,0.0,0.0,25.8730313,11.91284365,0.0,13.39028208,0.0,0.0,0.0,17.99408159,92.29995865,0.0,0.0,0.0,15.18159642,0.0,0.0,0.0,23.03335329,80.03765153,41.10051414,16.18700125,0.0,0.0,0.0,0.0,0.0,0.0,0.0,0.0,0.0
barcode64A,2021-08-10,3S,3S,115.0,Optimal,High,1,S,64.0,NxW_A library,A,13.5,0.135,59.0,5874.9,6785.5,5.8749,6.7855,0.001147842,0.000464515,191.25,220.89,12647.4,14607.7,,100.0,200.0,1999756553.974476,2448791404.4169073,21.416291287084746,21.618860435468807,0.183369988,806.08,,,,2.1427079492378,0.5080456092900498,64.28553842,11.89164234,0.0,37.41452122,0.0,0.0,0.0,0.0,0.0,0.0,0.0,108.43818870000001,13.49217909,21.10447864,10.8750207,0.0,119.80091110000001,0.0,145.8506185,38.04774886,27.15968861,37.26355175,11.49053763,0.0,18.26592448,0.0,0.0,0.0,0.0,16.69641111,0.0,0.0
barcode78A,2021-08-10,20S,20S,215.0,Optimal,High,2,S,78.0,NxW_A library,A,15.0,0.15,57.7,4795.1,5538.3,4.7951,5.5383,0.001147842,0.000464515,159.62,184.36,10322.8,11922.9,,100.0,200.0,1072200419.030848,1351019295.9436321,20.792978840171703,21.02412517853427,0.20637668,732.85,,,,3.8151598534162985,0.6289642298930499,60.13167312,0.0,0.0,31.535836199999995,0.0,253.1432667,130.5542741,27.30022187,0.0,0.0,151.5150154,0.0,0.0,0.0,0.0,25.23451981,0.0,0.0,0.0,42.42123957,206.7902856,219.30441409999997,0.0,0.0,0.0,0.0,0.0,16.79363402,0.0,15.69946111,0.0,0.0
barcode85A,2021-08-10,20N,20N,215.0,Optimal,High,2,N,85.0,NxW_A library,A,15.0,0.15,57.7,4795.1,5538.3,4.7951,5.5383,0.001147842,0.000464515,159.62,184.36,10322.8,11922.9,,100.0,200.0,2210905911.2470536,2785837884.964184,21.51666818307547,21.747814521438027,0.20637668,732.85,,,,2.2252661892096994,0.8112454213078998,15.76518141,0.0,0.0,16.48780398,0.0,0.0,0.0,0.0,0.0,0.0,73.88235135,0.0,0.0,0.0,0.0,0.0,31.21612076,0.0,36.06605311,17.36580811,103.77459449999999,110.91365400000001,0.0,0.0,0.0,0.0,0.0,0.0,0.0,16.65255861,0.0,0.0
barcode83A,2021-08-10,36S,36S,315.0,Optimal,High,3,S,83.0,NxW_A library,A,13.0,0.13,58.6,5296.7,6117.7,5.2967,6.1177,0.001147842,0.000464515,173.6,200.51,11402.7,13170.1,,100.0,200.0,1453908613.4353144,1768685198.9212234,21.09752136224982,21.29350228203237,0.177972081,840.83,,,,3.0611965899667,0.3654765167058998,61.226459459999994,0.0,0.0,40.53037528,0.0,0.0,0.0,15.33330519,0.0,22.40786065,167.07241240000002,85.83386076,20.98867971,17.50457685,0.0,0.0,14.82237389,14.65115152,0.0,105.7748737,138.87992869999997,134.5702004,85.58871714,0.0,0.0,0.0,0.0,12.42891927,0.0,14.75820468,23.63557732,0.0
barcode90A,2021-08-10,36N,36N,315.0,Optimal,High,3,N,90.0,NxW_A library,A,13.0,0.13,58.6,5296.7,6117.7,5.2967,6.1177,0.001147842,0.000464515,173.6,200.51,11402.7,13170.1,,100.0,200.0,955806380.9774194,1162741993.1675332,20.67806592014529,20.87404683992784,0.177972081,840.83,,,,4.0702110844516,1.07007257294405,30.36173918,0.0,0.0,13.44677283,0.0,0.0,0.0,0.0,0.0,0.0,19.08670601,16.0942279,0.0,0.0,0.0,0.0,19.127069100000003,0.0,0.0,0.0,19.97367916,26.25919172,17.28549197,0.0,0.0,0.0,31.77992472,0.0,0.0,0.0,0.0,0.0
barcode58A,2021-08-10,6S,6S,116.0,High,High,1,S,58.0,NxW_A library,A,15.0,0.15,58.8,5345.4,6173.9,5.3454,6.1739,0.001147842,0.000464515,174.6,201.67,11507.5,13291.1,,100.0,245.0,2473738998.960264,3053064952.194509,21.628996607760605,21.83941182534821,0.189752253,741.36,,,,1.4421002157963498,0.5747704240158499,0.0,0.0,0.0,14.74102072,0.0,0.0,0.0,0.0,0.0,0.0,54.361479200000005,19.14366194,0.0,0.0,0.0,0.0,20.914565300000003,0.0,18.6477655,20.26884195,48.36176616,41.95252705,11.876974,0.0,0.0,18.46480068,18.63392909,0.0,0.0,0.0,0.0,0.0
barcode61A,2021-08-10,6N,6N,116.0,High,High,1,N,61.0,NxW_A library,A,15.0,0.15,58.8,5345.4,6173.9,5.3454,6.1739,0.001147842,0.000464515,174.6,201.67,11507.5,13291.1,,100.0,245.0,1964126817.9967546,2424106485.046177,21.39831361607549,21.608728833663108,0.189752253,741.36,,,,1.56576755738025,0.0,0.0,0.0,0.0,0.0,0.0,0.0,0.0,0.0,0.0,0.0,26.03865662,0.0,0.0,0.0,0.0,0.0,0.0,0.0,15.75857143,0.0,37.8498131,0.0,0.0,0.0,0.0,0.0,0.0,0.0,0.0,0.0,0.0,0.0
barcode77A,2021-08-10,22S,22S,216.0,High,High,2,S,77.0,NxW_A library,A,15.1,0.151,58.8,5485.9,6336.2,5.4859,6.3362,0.001147842,0.000464515,179.19,206.97,11809.9,13640.5,,100.0,245.0,896759433.9252578,1095602825.0781727,20.61429819444986,20.814570573917024,0.181492222,768.19,,,,2.0186224129146497,0.7246889154789498,18.61922943,0.0,0.0,17.17412071,0.0,0.0,0.0,0.0,0.0,0.0,14.38906888,23.9179745,0.0,28.40639689,0.0,0.0,0.0,0.0,0.0,22.3128326,27.3630984,21.12909187,29.58730528,0.0,0.0,0.0,0.0,13.534314499999999,0.0,0.0,17.330493399999998,0.0
barcode79A,2021-08-10,22N,22N,216.0,High,High,2,N,79.0,NxW_A library,A,15.1,0.151,58.8,5485.9,6336.2,5.4859,6.3362,0.001147842,0.000464515,179.19,206.97,11809.9,13640.5,,100.0,245.0,1064698568.9904217,1300780026.2961233,20.78595756223436,20.986229941701527,0.181492222,768.19,,,,2.418375556044249,0.34184963086529985,51.45639992,0.0,0.0,53.29230183,0.0,0.0,0.0,0.0,0.0,24.60715887,29.08034213,135.730876,13.50458498,56.93482778,17.35205841,16.14673024,261.3195103,0.0,282.8187665,41.58755368,60.52747039,62.46968276,79.59904399999999,0.0,0.0,0.0,0.0,17.88974366,18.1154665,22.22386307,0.0,0.0
barcode01B,2021-08-10,35S,35S,316.0,High,High,3,S,1.0,NxW_B library,B,16.0,0.16,57.2,5585.4,6451.2,5.5854,6.4512,0.001147842,0.000464515,187.55,216.62,12024.2,13887.9,,100.0,245.0,1141785345.8443055,1434510016.7440116,20.855858967154152,21.084089176103745,0.204058994,786.71,,,,7.32555455829705,3.9675869596149993,0.0,0.0,0.0,0.0,0.0,0.0,96.02759352,0.0,0.0,0.0,51.11614655,0.0,0.0,0.0,0.0,0.0,34.72847429,0.0,27.79089679,24.79423086,75.08737932,87.0009582,0.0,0.0,0.0,0.0,0.0,0.0,0.0,0.0,94.36910036,0.0
barcode91A,2021-08-10,35N,35N,316.0,High,High,3,N,91.0,NxW_A library,A,16.0,0.16,57.2,5585.4,6451.2,5.5854,6.4512,0.001147842,0.000464515,187.55,216.62,12024.2,13887.9,,100.0,245.0,1466472103.5426698,1842438186.3580852,21.106125423727384,21.334355632676974,0.204058994,786.71,,,,2.493392708249349,1.0764938598264495,54.17895386,0.0,0.0,19.48895906,0.0,0.0,35.22996825,0.0,0.0,0.0,44.73310754,0.0,0.0,0.0,0.0,0.0,28.13700952,0.0,14.73246736,15.65412749,79.65802394,59.77941184,21.54231781,0.0,0.0,0.0,0.0,0.0,0.0,0.0,0.0,0.0
barcode65A,2021-08-10,8S,8S,121.0,Low,Low,1,S,65.0,NxW_A library,A,13.3,0.133,58.9,2857.6,3300.6,2.8576,3.3006,0.001147842,0.000464515,93.18,107.63,6151.9,7105.4,,70.0,20.0,2025378394.8926725,2354048959.1578693,21.42902238172384,21.579402643851086,0.139619256,490.57,,,,3.1785699138231496,1.1842227525192501,19.26093452,0.0,0.0,29.20361734,0.0,0.0,28.647323200000002,0.0,0.0,0.0,27.04002048,0.0,0.0,12.35760097,0.0,0.0,183.43260569999998,0.0,182.4397291,81.07942152,48.87099245,41.19885762,43.63051711,0.0,0.0,14.23196317,16.91875815,0.0,0.0,14.06566741,16.85145043,0.0
barcode66A,2021-08-10,8N,8N,121.0,Low,Low,1,N,66.0,NxW_A library,A,13.3,0.133,58.9,2857.6,3300.6,2.8576,3.3006,0.001147842,0.000464515,93.18,107.63,6151.9,7105.4,,70.0,20.0,1132597643.5242627,1316391204.036829,20.84777963105225,20.998159893179494,0.139619256,490.57,,,,1.0235510088546995,0.4281398059214998,0.0,0.0,0.0,0.0,0.0,0.0,0.0,0.0,0.0,17.1253318,13.74008137,26.56801241,19.9848957,0.0,0.0,0.0,0.0,0.0,0.0,26.00675001,19.57913615,31.83303812,23.41898925,0.0,0.0,0.0,0.0,0.0,0.0,0.0,0.0,0.0
barcode68A,2021-08-10,14S,14S,221.0,Low,Low,2,S,68.0,NxW_A library,A,12.0,0.12,57.9,2510.6,2899.8,2.5106,2.8998,0.001147842,0.000464515,83.28,96.19,5404.9,6242.6,,70.0,20.0,651708612.0016705,780893765.1407548,20.295108105887184,20.47594967440428,0.16543243,524.48,,,,1.8046767909227497,0.5379696859844498,14.56486068,0.0,0.0,12.73002537,0.0,0.0,56.08597761,0.0,0.0,0.0,63.34290647,37.04852916,0.0,0.0,0.0,0.0,16.17341356,0.0,19.18696666,32.51246306,68.18638728,86.62621676,0.0,0.0,0.0,16.61129,35.7008544,0.0,0.0,0.0,33.2828598,0.0
barcode84A,2021-08-10,30S,30S,321.0,Low,Low,3,S,84.0,NxW_A library,A,13.5,0.135,55.1,1448.5,1673.1,1.4485,1.6731,0.001147842,0.000464515,50.49,58.32,3118.4,3601.7,,70.0,20.0,1873054435.2217407,2172215541.5934134,21.35083632310496,21.49901347055555,0.137721649,304.11,,,,2.89418151453725,1.5519759072404995,0.0,0.0,0.0,18.71173712,0.0,0.0,0.0,0.0,0.0,0.0,27.007247800000002,0.0,0.0,0.0,0.0,0.0,0.0,0.0,0.0,26.01292192,40.36366225,31.45600004,10.48313884,0.0,0.0,0.0,0.0,0.0,0.0,0.0,0.0,0.0
barcode89A,2021-08-10,30N,30N,321.0,Low,Low,3,N,89.0,NxW_A library,A,13.5,0.135,55.1,1448.5,1673.1,1.4485,1.6731,0.001147842,0.000464515,50.49,58.32,3118.4,3601.7,,70.0,20.0,1392170249.5901742,1614525342.0495234,21.05412969711997,21.202306844570554,0.137721649,304.11,,,,3.9922939626457503,0.9741885731016996,23.94713011,0.0,11.94102444,0.0,0.0,0.0,0.0,0.0,0.0,0.0,39.11470695,147.6824604,0.0,0.0,0.0,0.0,33.57337609,0.0,39.46035361,65.24224529,32.56005718,49.35980353,210.5531059,0.0,0.0,50.33003443,69.02039654,0.0,0.0,0.0,0.0,0.0
barcode75A,2021-08-10,10N,10N,125.0,Optimal,Low,1,N,75.0,NxW_A library,A,11.5,0.115,59.6,2729.3,3152.3,2.7293,3.1523,0.001147842,0.000464515,87.95,101.59,5875.5,6786.2,,70.0,200.0,10042381974.708923,11729596082.507984,23.030080171548015,23.185381064450112,0.143842473,514.68,,,,2.8616332645931,12.580276343874598,0.0,0.0,0.0,0.0,0.0,0.0,24.42651011,0.0,0.0,0.0,20.70906014,0.0,0.0,0.0,0.0,0.0,0.0,0.0,0.0,0.0,78.22293223,95.83309994,0.0,0.0,12.67811634,0.0,0.0,0.0,0.0,0.0,0.0,0.0
barcode69A,2021-08-10,15N,15N,225.0,Optimal,Low,2,N,69.0,NxW_A library,A,11.6,0.116,58.1,2429.9,2806.6,2.4299,2.8066,0.001147842,0.000464515,80.33,92.78,5231.1,6042.0,,70.0,200.0,3254462561.5879946,3732460196.0314937,21.903292987327198,22.040333423163084,0.128065032,489.12,,,,3.2087818954111005,5.2756332688243495,13.79181487,0.0,11.67543326,20.38099882,0.0,0.0,0.0,0.0,0.0,0.0,28.683551399999995,31.25633471,12.03586594,13.12256595,0.0,0.0,0.0,0.0,0.0,15.83921429,44.28915402,43.71486123,0.0,0.0,0.0,0.0,0.0,12.15731419,0.0,22.4773954,0.0,0.0
barcode71A,2021-08-10,15S,15S,225.0,Optimal,Low,2,S,71.0,NxW_A library,A,11.6,0.116,58.1,2429.9,2806.6,2.4299,2.8066,0.001147842,0.000464515,80.33,92.78,5231.1,6042.0,,70.0,200.0,730449078.2229964,837733437.7338521,20.40917007861168,20.54621051444756,0.128065032,489.12,,,,2.5265847239952497,7.5746964899172,0.0,0.0,0.0,0.0,0.0,0.0,0.0,0.0,0.0,0.0,41.87609096,25.00795673,0.0,0.0,0.0,0.0,0.0,0.0,0.0,0.0,55.78943591,23.39809437,16.29942471,0.0,0.0,0.0,0.0,0.0,0.0,0.0,0.0,0.0
barcode87A,2021-08-10,28N,28N,325.0,Optimal,Low,3,N,87.0,NxW_A library,A,11.9,0.119,58.1,3428.1,3959.4,3.4281,3.9594,0.001147842,0.000464515,113.32,130.89,7379.9,8523.7,,70.0,200.0,1369150635.5795734,1557978245.494476,21.03745641049357,21.16665482120023,0.121200415,652.66,,,,3.1890443960585486,0.6184518528399998,0.0,0.0,0.0,0.0,0.0,0.0,0.0,0.0,0.0,0.0,25.7995908,20.81718361,0.0,0.0,0.0,0.0,0.0,0.0,0.0,27.97874031,43.06438322,28.39252425,22.15368513,0.0,0.0,0.0,0.0,0.0,0.0,0.0,0.0,0.0
barcode88A,2021-08-10,28S,28S,325.0,Optimal,Low,3,S,88.0,NxW_A library,A,11.9,0.119,58.1,3428.1,3959.4,3.4281,3.9594,0.001147842,0.000464515,113.32,130.89,7379.9,8523.7,,70.0,200.0,1946176208.335009,2214584805.8576508,21.389132365601156,21.518330776307813,0.121200415,652.66,,,,30.619985718160702,7.480384807246349,31.336443969999998,0.0,0.0,20.15580107,15.63376772,0.0,0.0,0.0,0.0,0.0,34.61692774,70.71651595,19.05233789,21.02163086,0.0,0.0,135.48374809999999,0.0,159.955828,38.45594698,39.89622526,37.00191923,62.00360339,0.0,0.0,0.0,0.0,0.0,0.0,0.0,0.0,0.0
barcode70A,2021-08-10,9S,9S,126.0,High,Low,1,S,70.0,NxW_A library,A,11.7,0.117,58.4,3344.0,3862.3,3.344,3.8623,0.001147842,0.000464515,109.98,127.02,7198.9,8314.8,,70.0,245.0,2288013927.5856967,2640392556.7571077,21.550949997676945,21.694193438791853,0.133456909,505.25,,,,1.7150616053747496,7.031627092230898,0.0,0.0,0.0,14.84535009,0.0,0.0,0.0,0.0,0.0,25.26281298,0.0,0.0,16.02258192,0.0,0.0,0.0,0.0,0.0,0.0,23.9025315,26.53985122,22.45046682,0.0,0.0,22.5456496,0.0,0.0,0.0,0.0,0.0,0.0,0.0
barcode73A,2021-08-10,9N,9N,126.0,High,Low,1,N,73.0,NxW_A library,A,11.7,0.117,58.4,3344.0,3862.3,3.344,3.8623,0.001147842,0.000464515,109.98,127.02,7198.9,8314.8,,70.0,245.0,2493386496.229731,2877394698.689867,21.63690766205465,21.78015110316955,0.133456909,505.25,,,,2.7370516019510496,8.948305795663998,43.99679534,0.0,0.0,17.04424869,0.0,0.0,0.0,0.0,0.0,0.0,49.2019315,0.0,0.0,17.84602675,0.0,0.0,0.0,0.0,0.0,0.0,57.44899759,57.198407700000004,0.0,0.0,0.0,0.0,0.0,0.0,0.0,0.0,0.0,0.0
barcode72A,2021-08-10,13N,13N,226.0,High,Low,2,N,72.0,NxW_A library,A,12.4,0.124,59.2,3300.4,3812.0,3.3004,3.812,0.001147842,0.000464515,107.08,123.67,7105.1,8206.4,,70.0,245.0,1319915274.6356196,1499519501.680524,21.000833385602586,21.12841056152427,0.119774519,609.92,,,,2.7167873389657005,0.8526223063142498,0.0,0.0,0.0,0.0,0.0,0.0,0.0,0.0,0.0,0.0,58.7529802,61.47683534,0.0,19.99664677,0.0,0.0,34.7942878,0.0,30.98237775,53.13742614,42.62932932,42.97835691,27.80951979,0.0,0.0,63.97980702,63.32887027,0.0,0.0,12.2406192,0.0,0.0
barcode74A,2021-08-10,13S,13S,226.0,High,Low,2,S,74.0,NxW_A library,A,12.4,0.124,59.2,3300.4,3812.0,3.3004,3.812,0.001147842,0.000464515,107.08,123.67,7105.1,8206.4,,70.0,245.0,1093740732.4037735,1242568814.4828582,20.812869522369365,20.94044669829105,0.119774519,609.92,,,,2.5031251418299,1.0102353960392998,14.658903200000001,0.0,0.0,27.23593941,0.0,0.0,0.0,0.0,0.0,0.0,16.10407995,26.59407891,0.0,0.0,0.0,0.0,125.69969760000001,0.0,88.66623902,44.14035645,29.58711385,31.59432564,26.56916665,0.0,2731.103396,0.0,0.0,0.0,0.0,0.0,0.0,0.0
barcode81A,2021-08-10,26S,26S,326.0,High,Low,3,S,81.0,NxW_A library,A,12.7,0.127,59.7,3336.1,3853.2,3.3361,3.8532,0.001147842,0.000464515,107.33,123.96,7181.9,8295.0,,70.0,245.0,2160290427.047486,2540815619.92711,21.493508506570386,21.65575097663953,0.149764977,540.61,,,,3.1287574769704487,5.8059858991915485,19.39988843,0.0,0.0,14.51893724,0.0,0.0,0.0,0.0,0.0,0.0,48.45226958,81.834755,0.0,18.87866695,0.0,0.0,0.0,0.0,0.0,38.07792769,48.94683745,56.48972224,62.55870925,0.0,1635.968223,0.0,0.0,0.0,0.0,23.62242116,17.99432724,0.0
barcode82A,2021-08-10,26N,26N,326.0,High,Low,3,N,82.0,NxW_A library,A,12.7,0.127,59.7,3336.1,3853.2,3.3361,3.8532,0.001147842,0.000464515,107.33,123.96,7181.9,8295.0,,70.0,245.0,1231630935.913478,1448577043.5187988,20.931605092173886,21.09384756224303,0.149764977,540.61,,,,2.912621665882,0.93678919244785,0.0,0.0,0.0,12.92796823,0.0,0.0,0.0,15.38487933,0.0,0.0,15.16192521,0.0,0.0,0.0,0.0,0.0,29.43748927,0.0,16.35813945,26.58848538,38.65794139,20.83382137,0.0,0.0,3722.135504,21.61669042,19.87289472,0.0,0.0,0.0,0.0,0.0
barcode40B,2021-09-23,2S,2S,111.0,Low,High,1,S,40.0,NxW_B library,B,13.6,0.136,57.7,3297.1,3808.2,3.2971,3.8082,0.001147842,0.000464515,109.75,126.76,7098.0,8198.1,,100.0,20.0,701071313.9465492,779636718.8019568,20.36812017155999,20.474338624029265,0.100771812,246.93,135.0,,581.24,5.2913801095288,1.2394158028965498,20.03543153,0.0,0.0,13.59871579,0.0,0.0,127.23416470000001,24.23297249,0.0,0.0,46.61337923,18.56534111,0.0,0.0,0.0,0.0,24.14613647,0.0,20.87854802,33.42320173,48.68132556,43.57735344,0.0,0.0,0.0,0.0,0.0,0.0,0.0,0.0,35.30775835,0.0
barcode57A,2021-09-23,2N,2N,111.0,Low,High,1,N,57.0,NxW_A library,A,13.6,0.136,57.7,3297.1,3808.2,3.2971,3.8082,0.001147842,0.000464515,109.75,126.76,7098.0,8198.1,,100.0,20.0,2587506857.954781,2877475253.205454,21.67396064595169,21.78017909842097,0.100771812,246.93,135.0,,581.24,4.1175634091107485,0.8322637226805498,0.0,0.0,0.0,0.0,0.0,0.0,34.21373948,0.0,0.0,0.0,0.0,0.0,0.0,0.0,0.0,0.0,24.51836841,0.0,44.518791799999995,26.25891384,16.97725723,19.25536416,0.0,0.0,0.0,0.0,0.0,0.0,0.0,0.0,0.0,0.0
barcode46A,2021-09-23,32N,32N,311.0,Low,High,3,N,46.0,NxW_A library,A,13.6,0.136,58.1,3545.0,4094.5,3.545,4.0945,0.001147842,0.000464515,117.19,135.35,7631.6,8814.5,,100.0,20.0,1634562863.5688796,1894250061.6973672,21.214641243816537,21.362088851346623,0.137092353,352.8,148.0,,581.86,2.8678507876706,2.324273677438949,32.84206381,0.0,0.0,20.20296008,0.0,0.0,14.78736315,0.0,0.0,0.0,20.09968756,18.99049213,0.0,13.391152100000001,0.0,0.0,0.0,0.0,22.85695707,14.18718368,43.33121572,38.90913516,12.7647857,0.0,0.0,37.03771447,30.0204402,0.0,0.0,17.12855564,0.0,0.0
barcode46B,2021-09-23,3S,3S,115.0,Optimal,High,1,S,46.0,NxW_B library,B,13.5,0.135,59.0,5874.9,6785.5,5.8749,6.7855,0.001147842,0.000464515,191.25,220.89,12647.4,14607.7,,100.0,200.0,1205643501.0536616,1325818678.5641975,20.910279287118687,21.00529597619563,0.090642242,336.57,158.0,,846.2,4.360700436173299,1.1948705809322495,14.23894139,0.0,0.0,13.19765696,0.0,0.0,0.0,0.0,0.0,0.0,0.0,0.0,0.0,18.80111484,0.0,0.0,40.42363619,0.0,36.15918564,16.05973863,26.90760445,0.0,0.0,0.0,0.0,0.0,0.0,0.0,0.0,0.0,0.0,0.0
barcode51A,2021-09-23,3N,3N,115.0,Optimal,High,1,N,51.0,NxW_A library,A,13.5,0.135,59.0,5874.9,6785.5,5.8749,6.7855,0.001147842,0.000464515,191.25,220.89,12647.4,14607.7,,100.0,200.0,3004587678.658779,3304076588.368182,21.823406183758387,21.918422872835325,0.090642242,336.57,158.0,,846.2,4.1745649520839,0.8910247457207499,10.96495667,0.0,24.2598421,19.41016934,0.0,0.0,0.0,0.0,0.0,0.0,14.74179011,21.37237456,12.13740171,24.12601009,0.0,0.0,0.0,0.0,0.0,14.29722983,15.16467286,11.224720399999999,17.34422928,0.0,0.0,0.0,0.0,0.0,15.378381900000003,0.0,0.0,0.0
barcode49A,2021-09-23,20S,20S,215.0,Optimal,High,2,S,49.0,NxW_A library,A,15.0,0.15,57.7,4795.1,5538.3,4.7951,5.5383,0.001147842,0.000464515,159.62,184.36,10322.8,11922.9,,100.0,200.0,2256286691.973457,2504296756.1293693,21.536986242283746,21.64127379599339,0.099033816,516.37,184.0,,668.57,5.33088834928235,1.5645506090638,0.0,0.0,0.0,0.0,0.0,0.0,0.0,0.0,0.0,0.0,0.0,0.0,0.0,0.0,0.0,0.0,0.0,0.0,0.0,24.47216525,22.53382641,0.0,0.0,0.0,0.0,0.0,0.0,0.0,0.0,0.0,0.0,0.0
barcode52A,2021-09-23,20N,20N,215.0,Optimal,High,2,N,52.0,NxW_A library,A,15.0,0.15,57.7,4795.1,5538.3,4.7951,5.5383,0.001147842,0.000464515,159.62,184.36,10322.8,11922.9,,100.0,200.0,2845267557.644152,3158018145.6001816,21.7689229449689,21.873210498678546,0.099033816,516.37,184.0,,668.57,2.8083317718842995,1.0055146807104998,0.0,0.0,0.0,13.54430761,0.0,0.0,0.0,0.0,0.0,0.0,62.205504299999994,33.10875928,0.0,15.52176154,0.0,12.4371721,0.0,0.0,0.0,57.79221393,96.52534638,97.44711876,47.83076302,0.0,0.0,0.0,0.0,0.0,0.0,13.9457913,0.0,0.0
barcode31A,2021-09-23,36S,36S,315.0,Optimal,High,3,S,31.0,NxW_A library,A,13.0,0.13,58.6,5296.7,6117.7,5.2967,6.1177,0.001147842,0.000464515,173.6,200.51,11402.7,13170.1,,100.0,200.0,2607160626.6250896,2828259683.1110525,21.68152758358819,21.762927406476134,0.07817494900000001,379.31,153.0,,754.42,1.3790962307730497,0.9081220582395998,22.05238482,0.0,0.0,21.95240606,0.0,0.0,0.0,0.0,0.0,0.0,41.2287124,113.48499950000001,0.0,24.62963463,0.0,0.0,83.996399,0.0,104.37364140000001,87.00259972,34.49840507,58.98631855,194.7474663,0.0,0.0,0.0,0.0,0.0,0.0,16.38824049,0.0,0.0
barcode32A,2021-09-23,36N,36N,315.0,Optimal,High,3,N,32.0,NxW_A library,A,13.0,0.13,58.6,5296.7,6117.7,5.2967,6.1177,0.001147842,0.000464515,173.6,200.51,11402.7,13170.1,,100.0,200.0,3223847691.7586927,3497244610.852621,21.89384141846452,21.975241241352478,0.07817494900000001,379.31,153.0,,754.42,2.763660045184749,1.2915290522574,0.0,0.0,0.0,0.0,0.0,0.0,0.0,0.0,0.0,0.0,0.0,103.0907878,0.0,23.26415317,0.0,0.0,0.0,0.0,0.0,29.32600495,20.41293327,0.0,188.1222648,0.0,0.0,0.0,0.0,0.0,0.0,0.0,0.0,0.0
barcode34A,2021-09-23,6N,6N,116.0,High,High,1,N,34.0,NxW_A library,A,15.0,0.15,58.8,5345.4,6173.9,5.3454,6.1739,0.001147842,0.000464515,174.6,201.67,11507.5,13291.1,,100.0,245.0,1024409242.0967102,1123452717.9999564,20.74738193420981,20.83967256414685,0.08815989699999999,275.19,159.0,,641.85,4.5157470685776495,1.7242566563895998,30.88038635,0.0,0.0,16.8704797,0.0,0.0,0.0,0.0,0.0,0.0,14.553104399999999,0.0,0.0,0.0,0.0,0.0,17.3765046,0.0,18.520999,19.92843503,46.81597955,46.08066461,0.0,0.0,0.0,0.0,0.0,0.0,0.0,14.04300874,0.0,0.0
barcode43B,2021-09-23,6S,6S,116.0,High,High,1,S,43.0,NxW_B library,B,15.0,0.15,58.8,5345.4,6173.9,5.3454,6.1739,0.001147842,0.000464515,174.6,201.67,11507.5,13291.1,,100.0,245.0,720221744.7069442,789855307.2379447,20.395069701318292,20.487360331255342,0.08815989699999999,275.19,159.0,,641.85,2.8399346420167992,0.9088555032498498,29.59679721,0.0,0.0,12.95373344,0.0,0.0,0.0,0.0,0.0,0.0,41.85962736,22.83326513,0.0,0.0,0.0,0.0,0.0,0.0,25.93959272,20.29946608,34.35675609,35.34564894,0.0,0.0,0.0,0.0,13.38710131,0.0,0.0,0.0,0.0,0.0
barcode41B,2021-09-23,22N,22N,216.0,High,High,2,N,41.0,NxW_B library,B,15.1,0.151,58.8,5485.9,6336.2,5.4859,6.3362,0.001147842,0.000464515,179.19,206.97,11809.9,13640.5,,100.0,245.0,395727879.19438666,523364585.67583656,19.796237359255105,20.0757888837074,0.243877232,443.58,199.0,,867.64,3.9939702958180994,0.9540251810120998,19.33124399,0.0,0.0,13.59611325,0.0,0.0,20.52625578,0.0,0.0,0.0,0.0,0.0,17.45742728,0.0,0.0,0.0,0.0,0.0,0.0,32.33048017,23.24540533,28.03593145,0.0,0.0,0.0,0.0,0.0,0.0,0.0,13.33912218,0.0,0.0
barcode50A,2021-09-23,22S,22S,216.0,High,High,2,S,50.0,NxW_A library,A,15.1,0.151,58.8,5485.9,6336.2,5.4859,6.3362,0.001147842,0.000464515,179.19,206.97,11809.9,13640.5,,100.0,245.0,2029475159.4876351,2684055083.8797584,21.43104305444801,21.710594578900302,0.243877232,443.58,199.0,,867.64,3.1885106910017,0.7255409004643498,42.66423554,0.0,0.0,23.51298056,0.0,0.0,164.4359556,0.0,0.0,17.19308627,33.15706163,54.75887221,13.50658774,13.11041916,0.0,0.0,0.0,0.0,0.0,44.16291158,50.2158646,87.69199834,20.22807654,0.0,0.0,0.0,0.0,0.0,0.0,17.0278754,29.14438125,0.0
barcode38A,2021-09-23,35S,35S,316.0,High,High,3,S,38.0,NxW_A library,A,16.0,0.16,57.2,5585.4,6451.2,5.5854,6.4512,0.001147842,0.000464515,187.55,216.62,12024.2,13887.9,,100.0,245.0,3374921232.661392,3765636683.305685,21.93963782252786,22.049182789693173,0.103758138,401.96,182.0,,974.76,2.0086750137543,1.2432946679656496,30.532561700000002,0.0,0.0,0.0,0.0,0.0,15.7500384,0.0,0.0,0.0,31.48218345,20.99598621,12.00261404,0.0,0.0,0.0,0.0,0.0,0.0,32.22237491,28.28078004,25.53338925,29.79898739,0.0,0.0,16.04374603,0.0,0.0,0.0,0.0,0.0,0.0
barcode47A,2021-09-23,35N,35N,316.0,High,High,3,N,47.0,NxW_A library,A,16.0,0.16,57.2,5585.4,6451.2,5.5854,6.4512,0.001147842,0.000464515,187.55,216.62,12024.2,13887.9,,100.0,245.0,1437886046.3967607,1604350463.1529481,21.086439848596747,21.195984815762067,0.103758138,401.96,182.0,,974.76,2.7235218350512493,1.7376260890594497,21.05863073,0.0,0.0,14.18167867,0.0,0.0,15.49116822,0.0,0.0,0.0,21.290363100000004,16.25707183,0.0,0.0,0.0,0.0,0.0,0.0,0.0,43.5187393,33.9097849,44.58156308,18.75475921,0.0,0.0,0.0,0.0,0.0,0.0,16.51344507,0.0,0.0
barcode54A,2021-09-23,8S,8S,121.0,Low,Low,1,S,54.0,NxW_A library,A,13.3,0.133,58.9,2857.6,3300.6,2.8576,3.3006,0.001147842,0.000464515,93.18,107.63,6151.9,7105.4,,70.0,20.0,1859615584.7833192,2009918739.1598337,21.34363562846365,21.42136012992146,0.074780712,244.34,112.0,,207.54,6.2896101327772,1.9984408361546493,0.0,0.0,0.0,35.65156457,18.85189493,0.0,67.16240232,16.99131068,0.0,0.0,52.59670592,14.52184099,0.0,13.10278697,0.0,0.0,173.0258104,0.0,200.92258059999997,90.93006673,45.9023511,53.92129755,40.950129,0.0,0.0,132.8282693,132.1603933,0.0,0.0,17.19693242,44.31113299,0.0
barcode62A,2021-09-23,8N,8N,121.0,Low,Low,1,N,62.0,NxW_A library,A,13.3,0.133,58.9,2857.6,3300.6,2.8576,3.3006,0.001147842,0.000464515,93.18,107.63,6151.9,7105.4,,70.0,20.0,1832984676.9236946,1981135392.1144085,21.32921144620749,21.406935947665303,0.074780712,244.34,112.0,,207.54,3.7932269070598497,0.8705265781531498,48.440686510000006,0.0,0.0,17.77871103,0.0,0.0,0.0,0.0,0.0,0.0,0.0,0.0,0.0,0.0,0.0,0.0,37.34701538,0.0,40.61361334,37.41469459,21.25024901,20.44840198,11.985058300000002,0.0,0.0,0.0,0.0,0.0,0.0,17.87931015,0.0,0.0
barcode44B,2021-09-23,14N,14N,221.0,Low,Low,2,N,44.0,NxW_B library,B,12.0,0.12,57.9,2510.6,2899.8,2.5106,2.8998,0.001147842,0.000464515,83.28,96.19,5404.9,6242.6,,70.0,20.0,540585722.3025466,590053094.9413811,20.108163780622753,20.195723082241123,0.08383546,225.95,131.0,,364.6,3.5439960628926004,1.8349011197943,15.1209843,0.0,0.0,0.0,0.0,0.0,0.0,13.64398077,0.0,0.0,33.99692945,0.0,0.0,0.0,0.0,0.0,0.0,0.0,0.0,29.84918288,37.48661455,29.80612762,0.0,0.0,91.32685390000002,131.2931923,145.90495330000002,0.0,0.0,0.0,0.0,0.0
barcode55A,2021-09-23,14S,14S,221.0,Low,Low,2,S,55.0,NxW_A library,A,12.0,0.12,57.9,2510.6,2899.8,2.5106,2.8998,0.001147842,0.000464515,83.28,96.19,5404.9,6242.6,,70.0,20.0,2355611760.911316,2571166704.303264,21.580066301767737,21.667625603386107,0.08383546,225.95,131.0,,364.6,2.5800183503479994,3.8912561600014,0.0,0.0,0.0,15.51605442,15.80312738,0.0,20.450484200000002,16.9467735,0.0,0.0,28.53711197,26.22692882,0.0,17.93475983,0.0,51.43519514,0.0,0.0,0.0,131.3296618,93.81395323,101.8907392,31.28019354,0.0,0.0,124.78733500000001,104.70841290000001,0.0,0.0,0.0,0.0,0.0
barcode39A,2021-09-23,30S,30S,321.0,Low,Low,3,S,39.0,NxW_A library,A,13.5,0.135,55.1,1448.5,1673.1,1.4485,1.6731,0.001147842,0.000464515,50.49,58.32,3118.4,3601.7,,70.0,20.0,2869886427.93043,3133232672.664203,21.777538293785266,21.865331111292747,0.08404937400000001,172.76,112.0,,243.62,2.5773538948701,1.0990466048490997,34.92526993,0.0,0.0,24.06430614,0.0,0.0,0.0,0.0,0.0,0.0,25.98186225,112.39665670000001,11.31973,18.09314425,21.99369371,0.0,0.0,0.0,0.0,48.50334694,31.40026539,41.94741046,221.6148758,0.0,0.0,0.0,0.0,0.0,0.0,18.01058826,0.0,0.0
barcode42B,2021-09-23,10N,10N,125.0,Optimal,Low,1,N,42.0,NxW_B library,B,11.5,0.115,59.6,2729.3,3152.3,2.7293,3.1523,0.001147842,0.000464515,87.95,101.59,5875.5,6786.2,,70.0,200.0,703795704.2027291,780760112.1076849,20.37199867911436,20.47577850583057,0.098576255,171.55,123.0,,319.0,4.480475730371249,14.247307010441098,14.43329679,0.0,11.74537581,23.92624645,0.0,0.0,15.62690792,0.0,0.0,0.0,23.56462092,20.02863765,161.3797622,0.0,0.0,0.0,0.0,0.0,0.0,42.54817817,77.11931468,76.62447971,10.79694743,0.0,0.0,0.0,0.0,0.0,0.0,12.35002003,0.0,0.0
barcode56A,2021-09-23,10S,10S,125.0,Optimal,Low,1,S,56.0,NxW_A library,A,11.5,0.115,59.6,2729.3,3152.3,2.7293,3.1523,0.001147842,0.000464515,87.95,101.59,5875.5,6786.2,,70.0,200.0,9324504864.731674,10344197073.188564,22.955911703450656,23.059691530166866,0.098576255,171.55,123.0,,319.0,8.41496196523115,16.0413029471056,0.0,0.0,0.0,0.0,0.0,0.0,0.0,0.0,0.0,0.0,18.19503899,0.0,41.90170442,0.0,0.0,0.0,0.0,0.0,0.0,0.0,28.080275899999997,21.80579439,0.0,0.0,0.0,0.0,0.0,0.0,0.0,0.0,15.95680141,0.0
barcode40A,2021-09-23,15N,15N,225.0,Optimal,Low,2,N,40.0,NxW_A library,A,11.6,0.116,58.1,2429.9,2806.6,2.4299,2.8066,0.001147842,0.000464515,80.33,92.78,5231.1,6042.0,,70.0,200.0,5249048300.481204,5741568359.645737,22.381312621018623,22.470998243344198,0.08578145,261.54,151.0,,516.33,4.353171243987549,3.436598346628449,0.0,0.0,0.0,0.0,0.0,0.0,0.0,0.0,14.01525985,0.0,16.06934267,81.44786422,28.71051323,0.0,0.0,0.0,0.0,0.0,0.0,16.86246329,22.90216285,25.98780492,152.78616369999997,53.24200209,0.0,0.0,0.0,0.0,0.0,0.0,0.0,0.0
barcode43A,2021-09-23,15S,15S,225.0,Optimal,Low,2,S,43.0,NxW_A library,A,11.6,0.116,58.1,2429.9,2806.6,2.4299,2.8066,0.001147842,0.000464515,80.33,92.78,5231.1,6042.0,,70.0,200.0,4940089908.416469,5403620292.343082,22.320649368064927,22.410334990390506,0.08578145,261.54,151.0,,516.33,7.153211647927799,8.60533128085955,0.0,0.0,0.0,0.0,0.0,0.0,0.0,0.0,0.0,0.0,0.0,30.53705156,0.0,0.0,0.0,0.0,16.09041857,0.0,27.95602734,0.0,0.0,29.01260734,19.57528484,12.03319739,0.0,0.0,0.0,0.0,0.0,0.0,0.0,0.0
barcode41A,2021-09-23,28S,28S,325.0,Optimal,Low,3,S,41.0,NxW_A library,A,11.9,0.119,58.1,3428.1,3959.4,3.4281,3.9594,0.001147842,0.000464515,113.32,130.89,7379.9,8523.7,,70.0,200.0,3362259266.440237,3600232060.2593107,21.9358789856877,22.00426414151409,0.066099293,251.57,121.0,,512.77,3.0326104192373493,1.0205728050447995,0.0,0.0,0.0,0.0,0.0,0.0,0.0,0.0,0.0,0.0,29.08659562,33.14404814,0.0,0.0,0.0,0.0,0.0,0.0,0.0,43.94652246,27.63787929,46.81464862,105.44321090000001,0.0,0.0,0.0,0.0,0.0,0.0,0.0,0.0,0.0
barcode44A,2021-09-23,28N,28N,325.0,Optimal,Low,3,N,44.0,NxW_A library,A,11.9,0.119,58.1,3428.1,3959.4,3.4281,3.9594,0.001147842,0.000464515,113.32,130.89,7379.9,8523.7,,70.0,200.0,702374610.8569405,752087031.94283,20.369977453357606,20.438362609183983,0.066099293,251.57,121.0,,512.77,9.442782800601748,5.1592374718784,0.0,0.0,0.0,13.20776205,0.0,0.0,0.0,0.0,0.0,0.0,20.42360685,19.65533915,0.0,24.72360839,0.0,14.49216574,0.0,0.0,0.0,52.54119402,20.56541425,0.0,46.335074,0.0,0.0,86.55800139,74.3175256,0.0,0.0,0.0,0.0,0.0
barcode48A,2021-09-23,9S,9S,126.0,High,Low,1,S,48.0,NxW_A library,A,11.7,0.117,58.4,3344.0,3862.3,3.344,3.8623,0.001147842,0.000464515,109.98,127.02,7198.9,8314.8,,70.0,245.0,2363603958.2382765,2635441826.213305,21.583453392099422,21.692316680865968,0.103146981,209.25,121.0,,563.47,4.0320475497391985,5.6870967019278975,20.09824237,0.0,0.0,17.41092787,0.0,0.0,0.0,0.0,0.0,0.0,13.26791721,22.42474254,27.02484073,19.12416033,0.0,0.0,107.12070929999999,0.0,92.46543734,25.2739638,14.50571744,24.39694557,31.96583702,0.0,0.0,0.0,0.0,0.0,0.0,14.83971087,13.56127047,0.0
barcode45B,2021-09-23,13N,13N,226.0,High,Low,2,N,45.0,NxW_B library,B,12.4,0.124,59.2,3300.4,3812.0,3.3004,3.812,0.001147842,0.000464515,107.08,123.67,7105.1,8206.4,,70.0,245.0,508481376.09685636,542189942.3682339,20.046939147603915,20.111126945185514,0.062171139,205.37,130.0,,510.72,31.624874269644195,25.387399988168102,0.0,0.0,0.0,0.0,0.0,0.0,0.0,0.0,0.0,0.0,0.0,0.0,0.0,0.0,0.0,0.0,0.0,0.0,0.0,41.6682061,29.79431737,0.0,0.0,0.0,0.0,0.0,0.0,0.0,0.0,0.0,0.0,0.0
barcode53A,2021-09-23,13S,13S,226.0,High,Low,2,S,53.0,NxW_A library,A,12.4,0.124,59.2,3300.4,3812.0,3.3004,3.812,0.001147842,0.000464515,107.08,123.67,7105.1,8206.4,,70.0,245.0,1724806253.2564113,1839148191.0860188,21.268380564168908,21.33256836175051,0.062171139,205.37,130.0,,510.72,6.5990950663360515,4.2234608149699495,13.22245661,0.0,0.0,14.90648049,0.0,0.0,0.0,0.0,0.0,0.0,29.34097918,29.09888646,12.33783484,15.088354500000001,0.0,0.0,0.0,0.0,0.0,123.1513808,29.66910489,36.79208005,47.82097445,0.0,0.0,57.38357084,50.40188867,0.0,0.0,0.0,0.0,0.0
barcode42A,2021-09-23,26N,26N,326.0,High,Low,3,N,42.0,NxW_A library,A,12.7,0.127,59.7,3336.1,3853.2,3.3361,3.8532,0.001147842,0.000464515,107.33,123.96,7181.9,8295.0,,70.0,245.0,2182804227.443768,2345915061.2152534,21.50387622998135,21.57594138073165,0.069529727,239.32,138.0,,432.91,2.6805209975556,2.48297453303455,0.0,0.0,0.0,0.0,0.0,0.0,0.0,0.0,0.0,0.0,20.43458138,35.28142187,0.0,0.0,0.0,29.59731022,0.0,0.0,0.0,31.68027751,51.95813143,49.33093063,25.76206707,0.0,0.0,0.0,0.0,0.0,0.0,15.81014209,0.0,0.0
barcode45A,2021-09-23,26S,26S,326.0,High,Low,3,S,45.0,NxW_A library,A,12.7,0.127,59.7,3336.1,3853.2,3.3361,3.8532,0.001147842,0.000464515,107.33,123.96,7181.9,8295.0,,70.0,245.0,3404931251.897573,3659365968.6939545,21.94849058600561,22.020555736755906,0.069529727,239.32,138.0,,432.91,2.1338957861872,1.3970781394080498,29.12824151,0.0,0.0,20.42872787,0.0,0.0,0.0,0.0,0.0,0.0,33.06781031,34.11265718,0.0,23.61879974,0.0,0.0,0.0,0.0,0.0,74.05517913,29.15659232,30.28624467,48.00904453,0.0,0.0,14.7828005,14.49385348,0.0,0.0,0.0,0.0,0.0
