,Sample date,Sample ID,Plot,ID,Nitrogen,Water,Block,Direction,Barcode,Notes,Run,Year,"Grain Yield, 0% MC kg/ha",qPCR_DW,qPCR_FW,qPCR_DW_log,qPCR_FW_log,GWC,kg NH4-N / ha,kg NO3-N / ha,DaysElapsed,Acaulospora,Ambispora,Archaeospora,Claroideoglomus,Diversispora,Entrophospora,Geosiphon,Glomus,Pacispora,Paraglomus,Redeckera,Scutellospora
barcode53B,2021-06-15,2N,2N,111.0,1,1,1,N,53.0,NxW_B library,B,2021,7098.0,654341922.4008539,783492510.5206034,20.299140589926907,20.479272060710965,0.164839595,4.801925872182099,3.6541579970097495,0,45.06133465,0.0,19.17888472,0.0,177.97908334,0.0,0.0,292.60213725999995,0.0,0.0,0.0,52.00783354
barcode65B,2021-06-15,2S,2S,111.0,1,1,1,S,65.0,NxW_B library,B,2021,7098.0,430285654.8155675,515213188.0768072,19.879959859617898,20.060091330401963,0.164839595,1.8826397095387497,2.8801421587892,0,98.47659584,0.0,60.54672225,15.04637117,195.22037224,0.0,0.0,778.2047236099999,3918.755032,0.0,13.17903814,70.3653917
barcode72B,2021-06-15,23S,23S,211.0,1,1,2,S,72.0,NxW_B library,B,2021,9352.0,712102283.0290754,852244786.8165334,20.38373211499844,20.563384351998526,0.164439262,6.13535084818045,4.48519027654165,0,20.5512694,0.0,23.55090441,0.0,0.0,0.0,0.0,247.25747219,0.0,81.85102036,0.0,26.747809999999998
barcode81B,2021-06-15,23N,23N,211.0,1,1,2,N,81.0,NxW_B library,B,2021,9352.0,901933680.8270508,1079435210.163083,20.620051550741852,20.799703787741933,0.164439262,7.52380573147605,4.366602991433998,0,17.93132234,0.0,16.66697327,0.0,0.0,0.0,0.0,210.08906893999998,0.0,0.0,0.0,0.0
barcode55B,2021-06-15,32N,32N,311.0,1,1,3,N,55.0,NxW_B library,B,2021,7631.6,626439041.5914456,770097874.4724574,20.255562027632607,20.46202817443874,0.186546201,1.7116295346534995,3.1391874614608497,0,94.74462864999998,0.0,30.36118821,0.0,31.96195969,0.0,0.0,502.6608807100001,11.08103,69.9473201,19.31290588,51.78300303
barcode80B,2021-06-15,32S,32S,311.0,1,1,3,S,80.0,NxW_B library,B,2021,7631.6,879386627.0300155,1081052947.4581943,20.5947352076702,20.801201354476333,0.186546201,2.2714998831518494,7.37592803885895,0,29.62554204,0.0,27.57581024,0.0,0.0,0.0,0.0,281.31162177,0.0,81.71961998,0.0,39.45050592
barcode59B,2021-06-15,3N,3N,115.0,5,1,1,N,59.0,NxW_B library,B,2021,12647.4,834368439.6483936,1007542761.5781302,20.542185636928288,20.73078029413815,0.171877888,2.497220600423,6.397990694385098,0,70.08665893,13.22355979,22.033853699999998,0.0,20.77827833,0.0,0.0,189.04564794,0.0,0.0,18.04368944,101.20176124999999
barcode63B,2021-06-15,3N,3N,115.0,5,1,1,N,63.0,NxW_B library,B,2021,12647.4,834368439.6483936,1007542761.5781302,20.542185636928288,20.73078029413815,0.171877888,2.497220600423,6.397990694385098,0,121.03983271999999,0.0,36.33435507,0.0,45.458249710000004,0.0,16.26997118,271.95290545,0.0,0.0,23.54095232,72.49069836000001
barcode68B,2021-06-15,20N,20N,215.0,5,1,2,N,68.0,NxW_B library,B,2021,10322.8,359795015.22685766,439570346.88126004,19.701045025095848,19.901308323444358,0.181484789,20.756135232401697,2.1996428106027497,0,21.81876284,0.0,28.71800805,0.0,0.0,0.0,0.0,193.93140521,0.0,0.0,0.0,21.20158343
barcode77B,2021-06-15,20S,20S,215.0,5,1,2,S,77.0,NxW_B library,B,2021,10322.8,597472373.1150547,729946572.8744469,20.208218603236613,20.408481901585127,0.181484789,17.966085765919193,2.9441076257552496,0,0.0,0.0,0.0,0.0,0.0,0.0,0.0,208.16181799,0.0,0.0,0.0,0.0
barcode51B,2021-06-15,36N,36N,315.0,5,1,3,N,51.0,NxW_B library,B,2021,11402.7,278089108.38965094,330122413.23499894,19.443452154070663,19.614974092837123,0.157618213,1.1592214882545997,3.207759658914949,0,56.81849527,0.0,40.98160074,0.0,25.66467702,0.0,0.0,182.60242955,0.0,0.0,0.0,0.0
barcode57B,2021-06-15,36S,36S,315.0,5,1,3,S,57.0,NxW_B library,B,2021,11402.7,191006011.4280325,226745181.787783,19.067815458960823,19.23933739772729,0.157618213,1.9422627626220497,1.4696528776410998,0,0.0,0.0,34.0705572,0.0,0.0,0.0,0.0,185.61038111,0.0,0.0,0.0,0.0
barcode61B,2021-06-15,6S,6S,116.0,6,1,1,S,61.0,NxW_B library,B,2021,11507.5,807711172.6830678,979920742.8974575,20.509715093030817,20.70298225176393,0.17573826399999998,6.033462347286498,3.9853634242909504,0,0.0,0.0,0.0,0.0,0.0,0.0,0.0,66.88867771,0.0,0.0,0.0,0.0
barcode62B,2021-06-15,6N,6N,116.0,6,1,1,N,62.0,NxW_B library,B,2021,11507.5,422901233.70923,513066681.6604841,19.862649219698405,20.05591637843152,0.17573826399999998,3.9523660295765,3.6188621402096,0,42.36966571,0.0,29.539576500000003,0.0,12.54183637,0.0,0.0,242.06064702999998,6918.34907,0.0,0.0,31.78302957
barcode64B,2021-06-15,22S,22S,216.0,6,1,2,S,64.0,NxW_B library,B,2021,11809.9,320056211.38248354,393129081.8255895,19.584007198901798,19.789648568387246,0.185875006,15.4129057316897,2.58549592076015,0,15.91626367,0.0,0.0,0.0,0.0,0.0,0.0,410.22014627999994,0.0,0.0,0.0,0.0
barcode66B,2021-06-15,22N,22N,216.0,6,1,2,N,66.0,NxW_B library,B,2021,11809.9,412039666.7136359,506113520.3443169,19.83663018111049,20.04227155059593,0.185875006,13.575221987443696,9.683645996257349,0,143.74245083,0.0,37.00761117,0.0,62.258595039999996,0.0,0.0,254.66136883,0.0,0.0,0.0,28.10218323
barcode50B,2021-06-15,35S,35S,316.0,6,1,3,S,50.0,NxW_B library,B,2021,12024.2,405177785.0291012,496391670.5677789,19.819836504129807,20.022875831475826,0.18375386,2.9835763544254497,5.679598478827648,0,21.559606600000002,0.0,28.67994045,0.0,0.0,0.0,17.14231548,345.47176755,0.0,0.0,0.0,16.34324903
barcode69B,2021-06-15,35N,35N,316.0,6,1,3,N,69.0,NxW_B library,B,2021,12024.2,559755822.9640273,685768416.5759451,20.143011216183183,20.3460505435292,0.18375386,7.379710102838649,2.3181971785876,0,102.64280558,0.0,31.38579436,0.0,12.52069642,0.0,0.0,336.75672145999994,0.0,30.29540989,28.68707864,65.25113322
barcode73B,2021-06-15,8S,8S,121.0,1,2,1,S,73.0,NxW_B library,B,2021,6151.9,1089702907.6527677,1356660874.0702374,20.809170934249302,21.02829227799659,0.196775754,5.1370614490241495,5.0539806340359,0,0.0,0.0,0.0,0.0,0.0,0.0,0.0,137.64913194000002,0.0,0.0,0.0,0.0
barcode60B,2021-06-15,14N,14N,221.0,1,2,2,N,60.0,NxW_B library,B,2021,5404.9,524514077.24615365,633527673.8491322,20.077982824803954,20.266814240826804,0.17207393,2.6928647078857995,2.59079308700225,0,27.51482603,0.0,26.22829466,0.0,49.45367744,0.0,0.0,250.04263774,0.0,90.81753133,0.0,21.56867783
barcode78B,2021-06-15,14S,14S,221.0,1,2,2,S,78.0,NxW_B library,B,2021,5404.9,363852156.0683914,439474210.62413394,19.712258178446536,19.901089594469386,0.17207393,1.9519105451272,6.772894393503399,0,39.335270460000004,0.0,22.650688100000004,0.0,94.29032288,0.0,0.0,276.76095458,0.0,0.0,0.0,38.16343456
barcode52B,2021-06-15,30N,30N,321.0,1,2,3,N,52.0,NxW_B library,B,2021,3118.4,428581459.4352759,511356184.8913249,19.875991381634282,20.052576940364283,0.161872933,1.3434054525630497,2.6846369055869497,0,18.61466995,0.0,27.09693051,0.0,0.0,0.0,0.0,306.5154601,0.0,66.74423002,15.65823458,20.04623933
barcode54B,2021-06-15,30S,30S,321.0,1,2,3,S,54.0,NxW_B library,B,2021,3118.4,600046726.5286847,715937654.5092353,20.21251808769593,20.389103646425927,0.161872933,4.327781432587,3.133804872998549,0,25.515618399999997,0.0,38.0987016,17.66255938,0.0,0.0,0.0,832.7582592599999,0.0,0.0,0.0,18.94663436
barcode70B,2021-06-15,10S,10S,125.0,5,2,1,S,70.0,NxW_B library,B,2021,5875.5,1023714685.2745738,1245216919.1426942,20.74670369707828,20.942575583929536,0.177882448,2.6431705767506,8.613512991564699,0,0.0,0.0,0.0,0.0,0.0,0.0,0.0,48.20262019,0.0,0.0,0.0,0.0
barcode71B,2021-06-15,10N,10N,125.0,5,2,1,N,71.0,NxW_B library,B,2021,5875.5,1973165773.9109325,2400101748.357919,21.402905081699537,21.598776968550798,0.177882448,2.4441389108826,5.399984222427499,0,13.34395996,0.0,0.0,0.0,0.0,0.0,0.0,53.66093538,0.0,0.0,0.0,0.0
barcode75B,2021-06-15,15N,15N,225.0,5,2,2,N,75.0,NxW_B library,B,2021,5231.1,399782153.4541042,481510082.8522224,19.80643034035016,19.992437729486266,0.16973254,11.833302773880249,2.66569401715,0,0.0,0.0,16.36799175,0.0,0.0,0.0,0.0,160.42877830999998,0.0,0.0,0.0,14.76103956
barcode82B,2021-06-15,15S,15S,225.0,5,2,2,S,82.0,NxW_B library,B,2021,5231.1,1828920944.0711935,2202809374.308363,21.32699198184044,21.512999370976537,0.16973254,8.556582942008799,8.196786746271549,0,61.24567424,14.80181953,34.72615062,0.0,81.23251875,0.0,0.0,308.13028926,0.0,0.0,0.0,0.0
barcode48B,2021-06-15,28N,28N,325.0,5,2,3,N,48.0,NxW_B library,B,2021,7379.9,1146554977.9477215,1429608541.199977,20.860027611967066,21.08066649632996,0.197993755,19.9243410483572,3.570550116880049,0,43.79117999,0.0,19.97561578,0.0,0.0,0.0,0.0,266.34052293,0.0,28.02977564,15.73358398,13.2460564
barcode49B,2021-06-15,28S,28S,325.0,5,2,3,S,49.0,NxW_B library,B,2021,7379.9,1217649041.4821243,1518253815.4451954,20.920187821430535,21.140826705793433,0.197993755,14.805018842822196,2.0816298871439995,0,51.14811478,0.0,13.86301217,0.0,14.14444726,0.0,0.0,82.88623657,0.0,0.0,11.34029409,12.29712167
barcode47B,2021-06-15,9S,9S,126.0,6,2,1,S,47.0,NxW_B library,B,2021,7198.9,1304053368.208385,1583981008.5344644,20.988743226153574,21.1832071407052,0.176724114,3.3221865315211496,5.1906471679968,0,56.624078680000004,0.0,18.72483284,0.0,0.0,0.0,0.0,117.4625324,0.0,0.0,0.0,20.85015991
barcode76B,2021-06-15,9N,9N,126.0,6,2,1,N,76.0,NxW_B library,B,2021,7198.9,884750211.2410724,1074670382.415491,20.600815915947738,20.79527983049936,0.176724114,0.0,1.0938974670247998,0,86.13976455,0.0,47.07212329,0.0,55.24536381,0.0,0.0,2167.1472123699996,30.01296619,0.0,24.34025576,63.1232113
barcode56B,2021-06-15,13N,13N,226.0,6,2,2,N,56.0,NxW_B library,B,2021,7105.1,587432045.14908,717859358.5310147,20.1912711294612,20.391784228342345,0.181689229,5.6742627441370495,1.9430399308699495,0,30.92587351,0.0,22.46198217,0.0,48.31436608,0.0,0.0,340.2201071999999,0.0,69.13958219,0.0,14.16910822
barcode74B,2021-06-15,13S,13S,226.0,6,2,2,S,74.0,NxW_B library,B,2021,7105.1,867040881.8900663,1059549638.8621607,20.58059668690888,20.78110978579002,0.181689229,4.340367230825299,4.562005995094999,0,19.19215898,0.0,25.78883293,0.0,0.0,0.0,0.0,279.56326201999997,0.0,41.601892340000006,14.94933282,0.0
barcode67B,2021-06-15,26S,26S,326.0,6,2,3,S,67.0,NxW_B library,B,2021,7181.9,591387915.7676421,720310116.7811258,20.197982731909846,20.395192394993675,0.178981522,16.777154148818198,2.02123094246095,0,161.0931307,0.0,33.3835076,0.0,43.5953669,0.0,0.0,307.14860240999997,0.0,0.0,18.30176485,50.62521897
barcode79B,2021-06-15,26N,26N,326.0,6,2,3,N,79.0,NxW_B library,B,2021,7181.9,907583950.6496842,1105436692.3148398,20.626296627427674,20.823506290511503,0.178981522,15.1960994359772,2.3714416177897,0,418.67255799,0.0,62.07294971,0.0,314.86574772,0.0,17.76542442,966.8591621,0.0,0.0,26.18729617,156.89859945
barcode03B,2021-06-30,2S,2S,111.0,1,1,1,S,3.0,NxW_B library,B,2021,7098.0,467173818.3390719,589638831.2125758,19.962211948394046,20.195020756936273,0.207694959,2.7828602785399994,2.0451520099551,15,0.0,0.0,0.0,21.70543566,34.17994833,0.0,0.0,195.33256713,0.0,0.0,0.0,0.0
barcode10B,2021-06-30,2N,2N,111.0,1,1,1,N,10.0,NxW_B library,B,2021,7098.0,562914180.7589297,710476586.2002507,20.14863774244049,20.38144655098272,0.207694959,3.8944864171967497,4.74197098361035,15,0.0,0.0,28.65168493,0.0,19.74188278,0.0,0.0,274.75559411,0.0,0.0,0.0,0.0
barcode17B,2021-06-30,23N,23N,211.0,1,1,2,N,17.0,NxW_B library,B,2021,9352.0,449573674.3752456,531254887.97030705,19.923810301393594,20.090752479045857,0.153751458,2.8016226832265496,2.0892921029286,15,27.62386579,0.0,27.20976655,0.0,0.0,0.0,0.0,374.19326684,0.0,0.0,0.0,0.0
barcode26B,2021-06-30,23S,23S,211.0,1,1,2,S,26.0,NxW_B library,B,2021,9352.0,624451617.7247431,737905694.0516927,20.252384410909364,20.419326588561628,0.153751458,2.2206488341844994,0.9492038985379,15,45.737605380000005,0.0,30.22279789,0.0,0.0,0.0,0.0,452.83762509,256.7607227,0.0,16.68764572,15.68742907
barcode35B,2021-06-30,32S,32S,311.0,1,1,3,S,35.0,NxW_B library,B,2021,7631.6,865205166.3478662,986779093.9709713,20.5784772233012,20.709956756715048,0.12320278,6.4416637358886994,2.063212793925449,15,30.64379282,0.0,31.28376509,0.0,0.0,0.0,0.0,333.46425894,80.83595518,97.90946026,0.0,13.29985273
barcode04B,2021-06-30,3S,3S,115.0,5,1,1,S,4.0,NxW_B library,B,2021,12647.4,871651141.0435754,1004013963.4892937,20.58589983421428,20.727271765977093,0.131833647,2.3155288483312497,1.7393935764788997,15,78.17909321,11.8322939,41.32039066,0.0,0.0,0.0,0.0,337.34482306000007,0.0,0.0,19.57814103,41.05126096
barcode18B,2021-06-30,3N,3N,115.0,5,1,1,N,18.0,NxW_B library,B,2021,12647.4,592111452.4509455,682025340.4256793,20.199205439404032,20.34057737116685,0.131833647,2.894774197600249,1.6072792851249995,15,0.0,0.0,0.0,0.0,0.0,0.0,0.0,272.51079914,0.0,0.0,0.0,0.0
barcode09B,2021-06-30,20S,20S,215.0,5,1,2,S,9.0,NxW_B library,B,2021,10322.8,783109129.7622874,889162524.5365431,20.478782618141636,20.605790594020604,0.119273352,3.236069911120649,2.3626934294945494,15,0.0,0.0,0.0,0.0,0.0,0.0,0.0,173.32778694,0.0,0.0,0.0,0.0
barcode14B,2021-06-30,20N,20N,215.0,5,1,2,N,14.0,NxW_B library,B,2021,10322.8,848252059.4437686,963127505.4184221,20.558688389499245,20.68569636537821,0.119273352,1.849853663421149,2.8361263613556,15,18.45341799,0.0,0.0,0.0,0.0,0.0,0.0,173.18752130000001,0.0,0.0,0.0,0.0
barcode06B,2021-06-30,6N,6N,116.0,6,1,1,N,6.0,NxW_B library,B,2021,11507.5,686739601.1884397,766597976.7977399,20.347465740762317,20.457473071718287,0.104172432,2.8714767116410496,0.7672265505035998,15,0.0,0.0,19.59969802,0.0,15.23290648,0.0,0.0,479.15552569000005,0.0,0.0,16.86958626,18.24793221
barcode28B,2021-06-30,6S,6S,116.0,6,1,1,S,28.0,NxW_B library,B,2021,11507.5,923155032.2578334,1030505272.7042592,20.64330774397227,20.75331507492824,0.104172432,3.12072345282385,4.1712162826903,15,21.40445865,0.0,54.78397011,0.0,37.63681599,0.0,34.17223401,585.41525532,0.0,35.26561976,0.0,34.1852306
barcode19B,2021-06-30,22N,22N,216.0,6,1,2,N,19.0,NxW_B library,B,2021,11809.9,707764559.7810311,796329532.9275882,20.377622053671253,20.495523644229998,0.111216487,3.6375678803244,2.8805641655393,15,64.44651111,0.0,30.16513983,0.0,16.27327989,0.0,0.0,233.49934844,0.0,0.0,0.0,19.71315166
barcode27B,2021-06-30,22S,22S,216.0,6,1,2,S,27.0,NxW_B library,B,2021,11809.9,454476762.4865376,511346976.8948533,19.934657342632363,20.0525589331911,0.111216487,3.2803662561884,1.7795405572636498,15,13.61820673,0.0,13.48647695,0.0,0.0,0.0,0.0,239.53583476,0.0,0.0,0.0,0.0
barcode21B,2021-06-30,35S,35S,316.0,6,1,3,S,21.0,NxW_B library,B,2021,12024.2,784946910.398866,881991859.0160887,20.481126643394532,20.597693383787977,0.110029302,13.2696934537527,1.2964489908277497,15,0.0,0.0,16.45820859,0.0,0.0,0.0,0.0,227.28247557,0.0,0.0,0.0,0.0
barcode37B,2021-06-30,35N,35N,316.0,6,1,3,N,37.0,NxW_B library,B,2021,12024.2,1151288352.561426,1293625009.394889,20.864147458821613,20.980714199215058,0.110029302,21.06355091882069,1.9508939734069493,15,15.16163232,0.0,20.42846502,0.0,0.0,0.0,0.0,261.74385861999997,0.0,0.0,11.99046952,0.0
barcode23B,2021-06-30,8S,8S,121.0,1,2,1,S,23.0,NxW_B library,B,2021,6151.9,278598351.6684457,314249392.4806997,19.445281702811663,19.56569747219712,0.113448241,1.8350517160794493,1.2869305857963995,15,12.18115051,0.0,12.51088726,0.0,0.0,0.0,0.0,192.29173,0.0,0.0,0.0,0.0
barcode24B,2021-06-30,8N,8N,121.0,1,2,1,N,24.0,NxW_B library,B,2021,6151.9,344634302.19923365,388735681.47670174,19.657994419179662,19.778410188565122,0.113448241,1.7850244089191998,0.8425803107764498,15,12.31234089,0.0,12.23978685,0.0,0.0,0.0,0.0,279.36595904,0.0,0.0,0.0,0.0
barcode22B,2021-06-30,14N,14N,221.0,1,2,2,N,22.0,NxW_B library,B,2021,5404.9,344184502.1863099,401514696.63833046,19.656688415121728,19.81075469501076,0.142784797,3.28030986734575,3.8345692317772992,15,16.13551468,0.0,60.50018162,0.0,65.95720811,0.0,0.0,1607.47076971,855.9406107000001,0.0,11.178035699999999,23.62456668
barcode31B,2021-06-30,14S,14S,221.0,1,2,2,S,31.0,NxW_B library,B,2021,5404.9,135450074.69219816,158011750.39612332,18.724113677932642,18.87817995782168,0.142784797,2.378383240230149,7.227679634071149,15,43.93947282,0.0,49.91113838,0.0,106.16439523000001,0.0,0.0,705.44166089,0.0,0.0,0.0,0.0
barcode13B,2021-06-30,30S,30S,321.0,1,2,3,S,13.0,NxW_B library,B,2021,3118.4,810903589.3967514,947171525.7815801,20.513659726340737,20.668990760178453,0.14386827800000002,8.1841797785393,0.9922141747113998,15,17.72527232,0.0,23.21833589,0.0,0.0,0.0,0.0,713.2484177000001,0.0,0.0,0.0,49.466204610000005
barcode20B,2021-06-30,30N,30N,321.0,1,2,3,N,20.0,NxW_B library,B,2021,3118.4,773167094.421279,903093618.1351764,20.466005746738013,20.621336780575724,0.14386827800000002,7.7148406874148,1.4088577763714998,15,15.11786351,0.0,27.62571895,0.0,0.0,0.0,0.0,1541.7346274599997,0.0,21.98996793,0.0,41.1809259
barcode29B,2021-06-30,10S,10S,125.0,5,2,1,S,29.0,NxW_B library,B,2021,5875.5,967156389.154322,1103210623.705564,20.689870766457464,20.82149051429689,0.123325711,2.4596917739235,3.1960945279874995,15,19.54273335,10.96809692,35.89335475,0.0,0.0,0.0,0.0,567.97051951,0.0,0.0,0.0,23.28974866
barcode32B,2021-06-30,10N,10N,125.0,5,2,1,N,32.0,NxW_B library,B,2021,5875.5,173107234.8889042,197459007.36562404,18.969421815280548,19.10104156311997,0.123325711,2.0861285542418497,0.8946276922661999,15,13.01644911,10.53066931,18.87918705,0.0,0.0,0.0,0.0,148.33881471,0.0,0.0,0.0,0.0
barcode08B,2021-06-30,15N,15N,225.0,5,2,2,N,8.0,NxW_B library,B,2021,5231.1,1297913193.794431,1574514289.5635624,20.984023576100146,21.17721267408409,0.17567391899999998,2.1200701888635,1.0084491859414495,15,18.99769975,0.0,19.20562848,0.0,0.0,0.0,0.0,359.0200067600001,0.0,0.0,0.0,0.0
barcode15B,2021-06-30,15S,15S,225.0,5,2,2,S,15.0,NxW_B library,B,2021,5231.1,978571366.2601756,1187116832.5440571,20.701604276489498,20.894793374473444,0.17567391899999998,2.0985719899591,5.890639998644849,15,34.22580868,0.0,15.09630078,0.0,0.0,0.0,0.0,304.33675868,0.0,0.0,17.30713145,16.612923600000002
barcode16B,2021-06-30,28N,28N,325.0,5,2,3,N,16.0,NxW_B library,B,2021,7379.9,1207604457.2339075,1356408797.4021525,20.91190444677549,21.0281064540412,0.109704641,14.325309199157697,1.5191370399457995,15,22.33068157,0.0,0.0,0.0,0.0,0.0,0.0,706.06182104,0.0,0.0,0.0,17.32817436
barcode34B,2021-06-30,28S,28S,325.0,5,2,3,S,34.0,NxW_B library,B,2021,7379.9,549639980.6235964,617368129.6518997,20.12477404117495,20.24097604844065,0.109704641,9.821331783011699,2.08815115272555,15,0.0,0.0,0.0,0.0,0.0,0.0,0.0,263.78915648000003,0.0,17.84606966,0.0,0.0
barcode11B,2021-06-30,9N,9N,126.0,6,2,1,N,11.0,NxW_B library,B,2021,7198.9,1822574620.7282953,2173202461.2511573,21.323515965167086,21.499467705188014,0.161341544,1.8552268602813,1.39578649428505,15,59.165301310000004,0.0,32.72817526,0.0,24.70565283,0.0,0.0,629.93834996,0.0,0.0,0.0,34.68155676
barcode33B,2021-06-30,9S,9S,126.0,6,2,1,S,33.0,NxW_B library,B,2021,7198.9,1011538041.4199176,1206138248.7508333,20.734737822782247,20.910689562803167,0.161341544,2.2847518507417,2.54527636605875,15,50.5646051,0.0,25.66410742,0.0,0.0,0.0,0.0,510.28116749000003,0.0,0.0,26.16659625,13.50869187
barcode05B,2021-06-30,13N,13N,226.0,6,2,2,N,5.0,NxW_B library,B,2021,7105.1,679371552.6590755,790007902.8972553,20.33667874154401,20.487553507042715,0.14004461199999998,10.87474121701375,6.638800902977801,15,29.17758969,0.0,23.39177861,0.0,18.97573935,0.0,0.0,569.9157389,0.0,0.0,0.0,16.259172
barcode12B,2021-06-30,13S,13S,226.0,6,2,2,S,12.0,NxW_B library,B,2021,7105.1,904894291.3930445,1052257249.6435648,20.6233286897514,20.77420345525011,0.14004461199999998,3.128478680104,3.799854531218749,15,15.76607423,0.0,11.74347882,0.0,14.74415047,0.0,0.0,235.50293589,0.0,106.0169243,29.52648268,13.96571606
barcode25B,2021-06-30,26N,26N,326.0,6,2,3,N,25.0,NxW_B library,B,2021,7181.9,587292479.6425457,646078176.7492594,20.191033515443195,20.286431071064676,0.09098852,2.1613746781683503,1.1082076604834497,15,24.89522286,0.0,44.18237373,0.0,0.0,0.0,36.51847039,761.91864393,0.0,12.9450155,0.0,35.65996275
barcode36B,2021-06-30,26S,26S,326.0,6,2,3,S,36.0,NxW_B library,B,2021,7181.9,826108149.4043528,908798367.875786,20.53223625439674,20.627633810018217,0.09098852,10.727215102537,0.9650556642525496,15,20.77152447,0.0,29.19503417,0.0,0.0,0.0,0.0,570.9450892599999,0.0,68.79368531,11.73725184,16.16254292
barcode04A,2021-07-27,2S,2S,111.0,1,1,1,S,4.0,NxW_A library,A,2021,7098.0,685433055.2278353,851299654.1340723,20.3455613938868,20.56227474457448,0.194839265,4.454570814419599,0.8930759864053498,42,41.34355556,0.0,19.20349313,0.0,492.40600735000004,0.0,0.0,1515.0297486900001,0.0,0.0,0.0,519.5082429400001
barcode10A,2021-07-27,2N,2N,111.0,1,1,1,N,10.0,NxW_A library,A,2021,7098.0,2356312556.32555,2926512004.246643,21.580363757911854,21.797077108599535,0.194839265,4.2984884998025,0.8469521985307998,42,24.22438465,0.0,13.791380800000002,0.0,190.46797809999998,0.0,0.0,140.78037653,0.0,0.0,0.0,39.97559382
barcode06A,2021-07-27,23S,23S,211.0,1,1,2,S,6.0,NxW_A library,A,2021,9352.0,2016340623.3914835,2543062638.3329787,21.42455013289901,21.656634954751528,0.207121133,2.1040377443705496,0.7128873087346498,42,49.88635592,0.0,30.55948488,12.35131404,80.47392907,0.0,0.0,447.52727677000007,0.0,0.0,20.16496864,68.99863411
barcode12A,2021-07-27,23N,23N,211.0,1,1,2,N,12.0,NxW_A library,A,2021,9352.0,676714937.0026302,853490949.4600394,20.33276067425961,20.56484549611213,0.207121133,2.168361445084249,0.6074085257793999,42,14.06893162,0.0,18.1080319,0.0,0.0,0.0,0.0,343.60676454,0.0,0.0,0.0,0.0
barcode02A,2021-07-27,32N,32N,311.0,1,1,3,N,2.0,NxW_A library,A,2021,7631.6,874131835.5145624,1094005222.925085,20.58874176379421,20.81311131508936,0.200980199,3.14469983314465,0.97649158247585,42,50.0183549,0.0,13.73107605,0.0,44.8789527,0.0,0.0,240.44999655,0.0,55.06276225,13.05576001,42.84379912
barcode14A,2021-07-27,32S,32S,311.0,1,1,3,S,14.0,NxW_A library,A,2021,7631.6,1167133324.1062462,1460706383.8036802,20.877816428889226,21.10218598018438,0.200980199,2.4029129034947494,0.9832654562635998,42,41.591281640000005,0.0,24.92621789,0.0,0.0,0.0,0.0,168.11674007000002,0.0,0.0,12.27040875,18.783654600000002
barcode19A,2021-07-27,3S,3S,115.0,5,1,1,S,19.0,NxW_A library,A,2021,12647.4,1538554800.8627944,1896496390.998283,21.154109371762328,21.36327401611134,0.188738345,4.0677530906645485,0.9559925966877498,42,34.01870708,12.47175956,36.55866732,0.0,14.50634724,0.0,12.92954569,227.82508153999999,0.0,0.0,0.0,38.05248864
barcode26A,2021-07-27,3N,3N,115.0,5,1,1,N,26.0,NxW_A library,A,2021,12647.4,2443986406.130987,3012574785.2965965,21.61689631610076,21.826060960449773,0.188738345,5.3382978425340495,0.9122919060563498,42,0.0,0.0,0.0,0.0,0.0,0.0,0.0,0.0,0.0,0.0,0.0,0.0
barcode22A,2021-07-27,20N,20N,215.0,5,1,2,N,22.0,NxW_A library,A,2021,10322.8,1639161559.7282689,2172741423.486009,21.217450703984586,21.49925553596581,0.24557909100000005,3.8653526753752,1.3130058956067496,42,0.0,0.0,0.0,0.0,0.0,0.0,0.0,163.30538880999998,0.0,0.0,0.0,0.0
barcode30A,2021-07-27,20S,20S,215.0,5,1,2,S,30.0,NxW_A library,A,2021,10322.8,1478398102.5234108,1959646246.3945453,21.114224975384566,21.39602980736579,0.24557909100000005,2.953896522154549,2.3931351102355496,42,34.83958917,12.32897153,14.33784333,18.39341565,0.0,0.0,0.0,446.80862571,0.0,0.0,0.0,16.68724743
barcode07A,2021-07-27,36S,36S,315.0,5,1,3,S,7.0,NxW_A library,A,2021,11402.7,797900672.2364995,975458661.9959358,20.497494676785358,20.698418340908045,0.18202513,1.8728574911637497,1.3213116765609498,42,0.0,0.0,0.0,0.0,0.0,0.0,0.0,115.27710514,0.0,0.0,0.0,0.0
barcode16A,2021-07-27,36N,36N,315.0,5,1,3,N,16.0,NxW_A library,A,2021,11402.7,1459249181.5047538,1783978010.8461692,21.1011878811467,21.30211154526939,0.18202513,2.6890839709924994,1.2764461548963997,42,22.60849687,0.0,0.0,0.0,0.0,0.0,0.0,261.27032063,0.0,35.54109391,14.56113447,0.0
barcode35A,2021-07-27,6S,6S,116.0,6,1,1,S,35.0,NxW_A library,A,2021,11507.5,2016553314.9414496,2531154474.435428,21.424655611274304,21.65194134961236,0.203306896,2.8769382953696496,2.9455644740805997,42,57.43715675,0.0,24.83728615,0.0,16.08533206,0.0,0.0,246.23379536,0.0,16.68417772,0.0,21.36507565
barcode39B,2021-07-27,6N,6N,116.0,6,1,1,N,39.0,NxW_B library,B,2021,11507.5,563099175.2615012,706795593.4779887,20.14896632558428,20.37625206392234,0.203306896,3.7278982903450495,1.0852446854816498,42,16.73761335,0.0,0.0,0.0,0.0,0.0,0.0,92.15891325,0.0,0.0,0.0,14.83729202
barcode27A,2021-07-27,22N,22N,216.0,6,1,2,N,27.0,NxW_A library,A,2021,11809.9,2142295053.5077255,2682381840.506877,21.48514354622139,21.70997098322568,0.201345975,18.1907225439017,39.881515225257104,42,34.737097430000006,0.0,19.30019233,0.0,62.88230872,0.0,0.0,192.94673476999998,0.0,0.0,0.0,0.0
barcode29A,2021-07-27,22S,22S,216.0,6,1,2,S,29.0,NxW_A library,A,2021,11809.9,2244859523.5516186,2810803493.479693,21.531908783154627,21.756736220158906,0.201345975,3.0637474472971,2.3983333267188,42,15.89997017,0.0,36.82341495,0.0,0.0,0.0,13.09276581,261.76807318,0.0,0.0,0.0,27.16482454
barcode37A,2021-07-27,35N,35N,316.0,6,1,3,N,37.0,NxW_A library,A,2021,12024.2,1116011150.7914937,1408706507.6344304,20.833026692604264,21.06593774982264,0.207775967,31.332007552480196,3.4101252975913496,42,19.42480318,0.0,21.0303596,0.0,38.02871976,0.0,0.0,113.30283863999999,0.0,19.53654085,0.0,0.0
barcode38B,2021-07-27,35S,35S,316.0,6,1,3,S,38.0,NxW_B library,B,2021,12024.2,307408846.19917965,388032719.77887547,19.54368916614065,19.776600223359033,0.207775967,3.5262037841439997,1.0912762449730995,42,0.0,0.0,11.96414216,0.0,0.0,0.0,0.0,138.83346525,0.0,0.0,0.0,19.96705274
barcode03A,2021-07-27,8N,8N,121.0,1,2,1,N,3.0,NxW_A library,A,2021,6151.9,888303277.8214439,949105195.5901023,20.604823771726867,20.671030199314057,0.064062359,9.818354587966798,10.660524036604698,42,14.28922532,0.0,0.0,0.0,0.0,0.0,0.0,201.11606362999999,0.0,0.0,0.0,14.39063083
barcode09A,2021-07-27,8S,8S,121.0,1,2,1,S,9.0,NxW_A library,A,2021,6151.9,1318147509.5396626,1408371083.495789,20.999493185990087,21.065699613577284,0.064062359,4.0132839199636,1.6599740975959998,42,0.0,0.0,0.0,0.0,15.97734273,0.0,0.0,107.30761809999998,0.0,0.0,0.0,0.0
barcode08A,2021-07-27,14N,14N,221.0,1,2,2,N,8.0,NxW_A library,A,2021,5404.9,1179638602.2151887,1262016467.1318266,20.8884739592048,20.955976649420734,0.065274794,4.2512206950793,0.8449062561041498,42,22.25978037,0.0,21.3245296,12.93769134,0.0,0.0,0.0,294.64928867,0.0,465.69625669999994,0.0,11.29599111
barcode13A,2021-07-27,14S,14S,221.0,1,2,2,S,13.0,NxW_A library,A,2021,5404.9,942186752.2177367,1007982609.4020369,20.66371406365348,20.731216753869415,0.065274794,5.965610807065,1.5631309673541998,42,0.0,0.0,14.97164345,0.0,73.61392656999999,0.0,0.0,529.52689701,0.0,44.82499034,0.0,48.91832194
barcode05A,2021-07-27,30N,30N,321.0,1,2,3,N,5.0,NxW_A library,A,2021,3118.4,1704134306.008308,1783051699.9566367,21.256323080327547,21.30159217145675,0.044259734,2.4085521004769,1.2445977412752496,42,39.91874704,0.0,78.79626438,0.0,0.0,0.0,169.5857521,275.38439988,0.0,0.0,0.0,18.55740977
barcode11A,2021-07-27,30S,30S,321.0,1,2,3,S,11.0,NxW_A library,A,2021,3118.4,1600685811.7019234,1674812570.575449,21.193698006669266,21.23896709779846,0.044259734,2.5338032557907493,3.0581614839648497,42,44.86617571,0.0,41.90606648,0.0,0.0,0.0,20.47306489,943.3399083200001,0.0,20.63422111,0.0,46.24717454
barcode17A,2021-07-27,10N,10N,125.0,5,2,1,N,17.0,NxW_A library,A,2021,5875.5,4072893014.0849056,4399037182.061125,22.127619398163578,22.204651531666713,0.074139898,8.8851141579337,11.5963203857268,42,0.0,0.0,0.0,0.0,0.0,0.0,0.0,55.90782869,0.0,0.0,0.0,0.0
barcode21A,2021-07-27,10S,10S,125.0,5,2,1,S,21.0,NxW_A library,A,2021,5875.5,3644364970.741873,3936193991.8023095,22.016447967953887,22.093480101457015,0.074139898,4.4456564432992,11.536020512975247,42,0.0,0.0,19.22750673,0.0,0.0,0.0,0.0,62.044841579999996,0.0,0.0,0.0,0.0
barcode01A,2021-07-27,15N,15N,225.0,5,2,2,N,1.0,NxW_A library,A,2021,5231.1,4411825704.680807,4822155770.990932,22.20755443272524,22.29648692041235,0.085092661,4.39914019203885,2.152644499691,42,0.0,0.0,0.0,0.0,0.0,0.0,0.0,55.67293137,0.0,0.0,0.0,0.0
barcode23A,2021-07-27,15S,15S,225.0,5,2,2,S,23.0,NxW_A library,A,2021,5231.1,2412224624.275679,2636578068.01753,21.603815239284376,21.692747726971486,0.085092661,10.14662091453205,4.017058723077,42,15.00055081,0.0,13.73817879,43.81266379,0.0,0.0,0.0,270.01541041,0.0,0.0,0.0,13.09838906
barcode15A,2021-07-27,28S,28S,325.0,5,2,3,S,15.0,NxW_A library,A,2021,7379.9,859760192.1612452,936362506.9275248,20.572164062002827,20.657513253189002,0.08180839599999999,2.3765115866159494,1.2066407668885,42,0.0,0.0,0.0,0.0,0.0,0.0,0.0,162.53204325,0.0,23.865707989999997,0.0,0.0
barcode20A,2021-07-27,28N,28N,325.0,5,2,3,N,20.0,NxW_A library,A,2021,7379.9,2247073489.687737,2447281678.354072,21.53289453530581,21.61824372649198,0.08180839599999999,7.3049058841123,2.5794743805468494,42,634.59397893,11.77569763,86.01279535,20.84037244,185.38269347000002,0.0,0.0,584.98926028,0.0,32.14460313,22.60990106,102.37528864
barcode25A,2021-07-27,9S,9S,126.0,6,2,1,S,25.0,NxW_A library,A,2021,7198.9,3722795383.7665615,4095987502.014685,22.03774067028542,22.133273673413008,0.091111635,5.0951510416594985,4.085048012400949,42,0.0,0.0,0.0,0.0,0.0,0.0,0.0,91.01603842,0.0,0.0,0.0,0.0
barcode28A,2021-07-27,13N,13N,226.0,6,2,2,N,28.0,NxW_A library,A,2021,7105.1,2114583553.3629906,2175757203.826992,21.47212372857379,21.50064258059107,0.028116028,3.601254923883649,2.4750459315555497,42,0.0,0.0,15.38468818,0.0,0.0,0.0,0.0,422.4692815099999,0.0,36.19668104,0.0,0.0
barcode36A,2021-07-27,13S,13S,226.0,6,2,2,S,36.0,NxW_A library,A,2021,7105.1,2505306633.9075546,2577783671.801879,21.641676972737432,21.67019582475471,0.028116028,9.848643844316296,6.019207287318499,42,0.0,0.0,13.85441533,0.0,0.0,0.0,0.0,259.5698773,0.0,0.0,11.9819371,0.0
barcode18A,2021-07-27,26S,26S,326.0,6,2,3,S,18.0,NxW_A library,A,2021,7181.9,1978298013.308521,2141004660.1660087,21.40550272275605,21.48454102318214,0.075995466,3.862501145548899,1.6938151673139497,42,0.0,0.0,0.0,0.0,0.0,0.0,0.0,258.11320427,0.0,16.26921268,0.0,0.0
barcode24A,2021-07-27,26N,26N,326.0,6,2,3,N,24.0,NxW_A library,A,2021,7181.9,2203702378.6586328,2384947581.500323,21.513404682212528,21.592442982638605,0.075995466,48.8936960946972,30.8528292298246,42,12.99040253,0.0,20.08356318,0.0,0.0,0.0,0.0,328.21518275999995,0.0,16.84447905,0.0,18.04578411
barcode59A,2021-08-10,2N,2N,111.0,1,1,1,N,59.0,NxW_A library,A,2021,7098.0,1233262681.2471895,1516601272.6857307,20.932929080812357,21.139737663401093,0.186824709,2.2231807054367496,0.4873653730901499,56,0.0,0.0,0.0,0.0,89.08249714,0.0,0.0,97.41233959,0.0,0.0,0.0,0.0
barcode63A,2021-08-10,2S,2S,111.0,1,1,1,S,63.0,NxW_A library,A,2021,7098.0,1852158994.490397,2277687252.6619806,21.339617819642285,21.546426402231027,0.186824709,1.7716728538068496,0.5078172708488998,56,98.27532263,42.37757974,67.01079597,0.0,270.70521936,15.85543205,19.25340192,530.75245616,13366.37928,0.0,19.217871600000002,59.56403604
barcode76A,2021-08-10,23S,23S,211.0,1,1,2,S,76.0,NxW_A library,A,2021,9352.0,1313646000.3696187,1634023836.5672488,20.996072314601086,21.214311421140273,0.196066807,2.10530494151335,0.4841303623699499,56,455.7601154899999,0.0,93.95084005,0.0,227.99398207000002,0.0,0.0,356.84606557999996,0.0,14.76477285,18.59835153,84.93447571
barcode86A,2021-08-10,23N,23N,211.0,1,1,2,N,86.0,NxW_A library,A,2021,9352.0,1204631333.6729007,1498422187.5173905,20.909439409918228,21.127678516457426,0.196066807,2.276968150509,0.5255078290974499,56,19.24279968,0.0,22.8891542,0.0,0.0,0.0,0.0,316.56670218,0.0,89.92895327,0.0,0.0
barcode02B,2021-08-10,32S,32S,311.0,1,1,3,S,2.0,NxW_B library,B,2021,7631.6,615131130.4870902,759217029.0333662,20.237346023346785,20.447798235242058,0.189782227,3.5904069901201487,0.5291154125993498,56,0.0,0.0,0.0,0.0,15.63473357,0.0,0.0,212.11981997,0.0,21.05519622,0.0,25.64592034
barcode80A,2021-08-10,32N,32N,311.0,1,1,3,N,80.0,NxW_A library,A,2021,7631.6,1068905108.5800176,1319281240.427711,20.789900698519887,21.000352910415163,0.189782227,2.51703078689805,0.5070477232601498,56,26.38024453,0.0,34.75516369,0.0,0.0,0.0,0.0,322.77868119,0.0,120.89329627000001,17.73006978,38.20911252
barcode60A,2021-08-10,3N,3N,115.0,5,1,1,N,60.0,NxW_A library,A,2021,12647.4,3171274058.690134,3883367023.119075,21.877399255349626,22.079968403733687,0.183369988,2.13617289720125,0.5328292224182999,56,42.99825665,0.0,25.8730313,11.91284365,13.39028208,0.0,0.0,285.83415687,0.0,0.0,0.0,0.0
barcode64A,2021-08-10,3S,3S,115.0,5,1,1,S,64.0,NxW_A library,A,2021,12647.4,1999756553.974476,2448791404.4169073,21.416291287084746,21.618860435468807,0.183369988,2.1427079492378,0.5080456092900498,56,64.28553842,11.89164234,37.41452122,0.0,0.0,0.0,0.0,533.52292358,18.26592448,0.0,0.0,16.69641111
barcode78A,2021-08-10,20S,20S,215.0,5,1,2,S,78.0,NxW_A library,A,2021,10322.8,1072200419.030848,1351019295.9436321,20.792978840171703,21.02412517853427,0.20637668,3.8151598534162985,0.6289642298930499,56,60.13167312,0.0,31.535836199999995,0.0,410.99776267,0.0,0.0,645.26547448,0.0,0.0,16.79363402,15.69946111
barcode85A,2021-08-10,20N,20N,215.0,5,1,2,N,85.0,NxW_A library,A,2021,10322.8,2210905911.2470536,2785837884.964184,21.51666818307547,21.747814521438027,0.20637668,2.2252661892096994,0.8112454213078998,56,15.76518141,0.0,16.48780398,0.0,0.0,0.0,0.0,373.21858183,0.0,0.0,0.0,16.65255861
barcode83A,2021-08-10,36S,36S,315.0,5,1,3,S,83.0,NxW_A library,A,2021,11402.7,1453908613.4353144,1768685198.9212234,21.09752136224982,21.29350228203237,0.177972081,3.0611965899667,0.3654765167058998,56,61.226459459999994,0.0,40.53037528,0.0,15.33330519,0.0,22.40786065,785.6867750700001,0.0,0.0,12.42891927,38.393782
barcode90A,2021-08-10,36N,36N,315.0,5,1,3,N,90.0,NxW_A library,A,2021,11402.7,955806380.9774194,1162741993.1675332,20.67806592014529,20.87404683992784,0.177972081,4.0702110844516,1.07007257294405,56,30.36173918,0.0,13.44677283,0.0,0.0,0.0,0.0,117.82636586,0.0,31.77992472,0.0,0.0
barcode58A,2021-08-10,6S,6S,116.0,6,1,1,S,58.0,NxW_A library,A,2021,11507.5,2473738998.960264,3053064952.194509,21.628996607760605,21.83941182534821,0.189752253,1.4421002157963498,0.5747704240158499,56,0.0,0.0,14.74102072,0.0,0.0,0.0,0.0,235.52758109999996,0.0,37.09872977,0.0,0.0
barcode61A,2021-08-10,6N,6N,116.0,6,1,1,N,61.0,NxW_A library,A,2021,11507.5,1964126817.9967546,2424106485.046177,21.39831361607549,21.608728833663108,0.189752253,1.56576755738025,0.0,56,0.0,0.0,0.0,0.0,0.0,0.0,0.0,79.64704115,0.0,0.0,0.0,0.0
barcode77A,2021-08-10,22S,22S,216.0,6,1,2,S,77.0,NxW_A library,A,2021,11809.9,896759433.9252578,1095602825.0781727,20.61429819444986,20.814570573917024,0.181492222,2.0186224129146497,0.7246889154789498,56,18.61922943,0.0,17.17412071,0.0,0.0,0.0,0.0,167.10576842,0.0,0.0,13.534314499999999,17.330493399999998
barcode79A,2021-08-10,22N,22N,216.0,6,1,2,N,79.0,NxW_A library,A,2021,11809.9,1064698568.9904217,1300780026.2961233,20.78595756223436,20.986229941701527,0.181492222,2.418375556044249,0.34184963086529985,56,51.45639992,0.0,53.29230183,0.0,0.0,0.0,24.60715887,1057.0714471699998,0.0,0.0,17.88974366,40.339329570000004
barcode01B,2021-08-10,35S,35S,316.0,6,1,3,S,1.0,NxW_B library,B,2021,12024.2,1141785345.8443055,1434510016.7440116,20.855858967154152,21.084089176103745,0.204058994,7.32555455829705,3.9675869596149993,56,0.0,0.0,0.0,0.0,96.02759352,0.0,0.0,300.51808601,0.0,0.0,0.0,94.36910036
barcode91A,2021-08-10,35N,35N,316.0,6,1,3,N,91.0,NxW_A library,A,2021,12024.2,1466472103.5426698,1842438186.3580852,21.106125423727384,21.334355632676974,0.204058994,2.493392708249349,1.0764938598264495,56,54.17895386,0.0,19.48895906,0.0,35.22996825,0.0,0.0,264.2364655,0.0,0.0,0.0,0.0
barcode65A,2021-08-10,8S,8S,121.0,1,2,1,S,65.0,NxW_A library,A,2021,6151.9,2025378394.8926725,2354048959.1578693,21.42902238172384,21.579402643851086,0.139619256,3.1785699138231496,1.1842227525192501,56,19.26093452,0.0,29.20361734,0.0,28.647323200000002,0.0,0.0,620.04974495,0.0,31.15072132,0.0,30.91711784
barcode66A,2021-08-10,8N,8N,121.0,1,2,1,N,66.0,NxW_A library,A,2021,6151.9,1132597643.5242627,1316391204.036829,20.84777963105225,20.998159893179494,0.139619256,1.0235510088546995,0.4281398059214998,56,0.0,0.0,0.0,0.0,0.0,0.0,17.1253318,161.13090301000003,0.0,0.0,0.0,0.0
barcode68A,2021-08-10,14S,14S,221.0,1,2,2,S,68.0,NxW_A library,A,2021,5404.9,651708612.0016705,780893765.1407548,20.295108105887184,20.47594967440428,0.16543243,1.8046767909227497,0.5379696859844498,56,14.56486068,0.0,12.73002537,0.0,56.08597761,0.0,0.0,323.07688295,0.0,52.312144399999994,0.0,33.2828598
barcode84A,2021-08-10,30S,30S,321.0,1,2,3,S,84.0,NxW_A library,A,2021,3118.4,1873054435.2217407,2172215541.5934134,21.35083632310496,21.49901347055555,0.137721649,2.89418151453725,1.5519759072404995,56,0.0,0.0,18.71173712,0.0,0.0,0.0,0.0,135.32297085,0.0,0.0,0.0,0.0
barcode89A,2021-08-10,30N,30N,321.0,1,2,3,N,89.0,NxW_A library,A,2021,3118.4,1392170249.5901742,1614525342.0495234,21.05412969711997,21.202306844570554,0.137721649,3.9922939626457503,0.9741885731016996,56,23.94713011,11.94102444,0.0,0.0,0.0,0.0,0.0,617.54610895,0.0,119.35043096999999,0.0,0.0
barcode75A,2021-08-10,10N,10N,125.0,5,2,1,N,75.0,NxW_A library,A,2021,5875.5,10042381974.708923,11729596082.507984,23.030080171548015,23.185381064450112,0.143842473,2.8616332645931,12.580276343874598,56,0.0,0.0,0.0,0.0,24.42651011,0.0,0.0,194.76509231,12.67811634,0.0,0.0,0.0
barcode69A,2021-08-10,15N,15N,225.0,5,2,2,N,69.0,NxW_A library,A,2021,5231.1,3254462561.5879946,3732460196.0314937,21.903292987327198,22.040333423163084,0.128065032,3.2087818954111005,5.2756332688243495,56,13.79181487,11.67543326,20.38099882,0.0,0.0,0.0,0.0,188.94154754,0.0,0.0,12.15731419,22.4773954
barcode71A,2021-08-10,15S,15S,225.0,5,2,2,S,71.0,NxW_A library,A,2021,5231.1,730449078.2229964,837733437.7338521,20.40917007861168,20.54621051444756,0.128065032,2.5265847239952497,7.5746964899172,56,0.0,0.0,0.0,0.0,0.0,0.0,0.0,162.37100268,0.0,0.0,0.0,0.0
barcode87A,2021-08-10,28N,28N,325.0,5,2,3,N,87.0,NxW_A library,A,2021,7379.9,1369150635.5795734,1557978245.494476,21.03745641049357,21.16665482120023,0.121200415,3.1890443960585486,0.6184518528399998,56,0.0,0.0,0.0,0.0,0.0,0.0,0.0,168.20610732,0.0,0.0,0.0,0.0
barcode88A,2021-08-10,28S,28S,325.0,5,2,3,S,88.0,NxW_A library,A,2021,7379.9,1946176208.335009,2214584805.8576508,21.389132365601156,21.518330776307813,0.121200415,30.619985718160702,7.480384807246349,56,31.336443969999998,0.0,20.15580107,15.63376772,0.0,0.0,0.0,618.2046833999999,0.0,0.0,0.0,0.0
barcode70A,2021-08-10,9S,9S,126.0,6,2,1,S,70.0,NxW_A library,A,2021,7198.9,2288013927.5856967,2640392556.7571077,21.550949997676945,21.694193438791853,0.133456909,1.7150616053747496,7.031627092230898,56,0.0,0.0,14.84535009,0.0,0.0,0.0,25.26281298,88.91543146000001,22.5456496,0.0,0.0,0.0
barcode73A,2021-08-10,9N,9N,126.0,6,2,1,N,73.0,NxW_A library,A,2021,7198.9,2493386496.229731,2877394698.689867,21.63690766205465,21.78015110316955,0.133456909,2.7370516019510496,8.948305795663998,56,43.99679534,0.0,17.04424869,0.0,0.0,0.0,0.0,181.69536354,0.0,0.0,0.0,0.0
barcode72A,2021-08-10,13N,13N,226.0,6,2,2,N,72.0,NxW_A library,A,2021,7105.1,1319915274.6356196,1499519501.680524,21.000833385602586,21.12841056152427,0.119774519,2.7167873389657005,0.8526223063142498,56,0.0,0.0,0.0,0.0,0.0,0.0,0.0,372.55776002000005,0.0,127.30867729,0.0,12.2406192
barcode74A,2021-08-10,13S,13S,226.0,6,2,2,S,74.0,NxW_A library,A,2021,7105.1,1093740732.4037735,1242568814.4828582,20.812869522369365,20.94044669829105,0.119774519,2.5031251418299,1.0102353960392998,56,14.658903200000001,0.0,27.23593941,0.0,0.0,0.0,0.0,388.95505807000006,2731.103396,0.0,0.0,0.0
barcode81A,2021-08-10,26S,26S,326.0,6,2,3,S,81.0,NxW_A library,A,2021,7181.9,2160290427.047486,2540815619.92711,21.493508506570386,21.65575097663953,0.149764977,3.1287574769704487,5.8059858991915485,56,19.39988843,0.0,14.51893724,0.0,0.0,0.0,0.0,355.23888816000004,1635.968223,0.0,0.0,41.6167484
barcode82A,2021-08-10,26N,26N,326.0,6,2,3,N,82.0,NxW_A library,A,2021,7181.9,1231630935.913478,1448577043.5187988,20.931605092173886,21.09384756224303,0.149764977,2.912621665882,0.93678919244785,56,0.0,0.0,12.92796823,0.0,15.38487933,0.0,0.0,147.03780207,3722.135504,41.48958514,0.0,0.0
barcode40B,2021-09-23,2S,2S,111.0,1,1,1,S,40.0,NxW_B library,B,2021,7098.0,701071313.9465492,779636718.8019568,20.36812017155999,20.474338624029265,0.100771812,5.2913801095288,1.2394158028965498,100,20.03543153,0.0,13.59871579,0.0,151.46713719000002,0.0,0.0,235.88528555999997,0.0,0.0,0.0,35.30775835
barcode57A,2021-09-23,2N,2N,111.0,1,1,1,N,57.0,NxW_A library,A,2021,7098.0,2587506857.954781,2877475253.205454,21.67396064595169,21.78017909842097,0.100771812,4.1175634091107485,0.8322637226805498,100,0.0,0.0,0.0,0.0,34.21373948,0.0,0.0,131.52869543999998,0.0,0.0,0.0,0.0
barcode46A,2021-09-23,32N,32N,311.0,1,1,3,N,46.0,NxW_A library,A,2021,7631.6,1634562863.5688796,1894250061.6973672,21.214641243816537,21.362088851346623,0.137092353,2.8678507876706,2.324273677438949,100,32.84206381,0.0,20.20296008,0.0,14.78736315,0.0,0.0,184.53060912,0.0,67.05815467,0.0,17.12855564
barcode46B,2021-09-23,3S,3S,115.0,5,1,1,S,46.0,NxW_B library,B,2021,12647.4,1205643501.0536616,1325818678.5641975,20.910279287118687,21.00529597619563,0.090642242,4.360700436173299,1.1948705809322495,100,14.23894139,0.0,13.19765696,0.0,0.0,0.0,0.0,138.35127975,0.0,0.0,0.0,0.0
barcode51A,2021-09-23,3N,3N,115.0,5,1,1,N,51.0,NxW_A library,A,2021,12647.4,3004587678.658779,3304076588.368182,21.823406183758387,21.918422872835325,0.090642242,4.1745649520839,0.8910247457207499,100,10.96495667,24.2598421,19.41016934,0.0,0.0,0.0,0.0,130.40842884,0.0,0.0,0.0,15.378381900000003
barcode49A,2021-09-23,20S,20S,215.0,5,1,2,S,49.0,NxW_A library,A,2021,10322.8,2256286691.973457,2504296756.1293693,21.536986242283746,21.64127379599339,0.099033816,5.33088834928235,1.5645506090638,100,0.0,0.0,0.0,0.0,0.0,0.0,0.0,47.00599166,0.0,0.0,0.0,0.0
barcode52A,2021-09-23,20N,20N,215.0,5,1,2,N,52.0,NxW_A library,A,2021,10322.8,2845267557.644152,3158018145.6001816,21.7689229449689,21.873210498678546,0.099033816,2.8083317718842995,1.0055146807104998,100,0.0,0.0,13.54430761,0.0,0.0,0.0,0.0,422.86863931,0.0,0.0,0.0,13.9457913
barcode31A,2021-09-23,36S,36S,315.0,5,1,3,S,31.0,NxW_A library,A,2021,11402.7,2607160626.6250896,2828259683.1110525,21.68152758358819,21.762927406476134,0.07817494900000001,1.3790962307730497,0.9081220582395998,100,22.05238482,0.0,21.95240606,0.0,0.0,0.0,0.0,742.9481765700001,0.0,0.0,0.0,16.38824049
barcode32A,2021-09-23,36N,36N,315.0,5,1,3,N,32.0,NxW_A library,A,2021,11402.7,3223847691.7586927,3497244610.852621,21.89384141846452,21.975241241352478,0.07817494900000001,2.763660045184749,1.2915290522574,100,0.0,0.0,0.0,0.0,0.0,0.0,0.0,364.21614399,0.0,0.0,0.0,0.0
barcode34A,2021-09-23,6N,6N,116.0,6,1,1,N,34.0,NxW_A library,A,2021,11507.5,1024409242.0967102,1123452717.9999564,20.74738193420981,20.83967256414685,0.08815989699999999,4.5157470685776495,1.7242566563895998,100,30.88038635,0.0,16.8704797,0.0,0.0,0.0,0.0,163.27568719,0.0,0.0,0.0,14.04300874
barcode43B,2021-09-23,6S,6S,116.0,6,1,1,S,43.0,NxW_B library,B,2021,11507.5,720221744.7069442,789855307.2379447,20.395069701318292,20.487360331255342,0.08815989699999999,2.8399346420167992,0.9088555032498498,100,29.59679721,0.0,12.95373344,0.0,0.0,0.0,0.0,180.63435632,0.0,13.38710131,0.0,0.0
barcode41B,2021-09-23,22N,22N,216.0,6,1,2,N,41.0,NxW_B library,B,2021,11809.9,395727879.19438666,523364585.67583656,19.796237359255105,20.0757888837074,0.243877232,3.9939702958180994,0.9540251810120998,100,19.33124399,0.0,13.59611325,0.0,20.52625578,0.0,0.0,101.06924423000001,0.0,0.0,0.0,13.33912218
barcode50A,2021-09-23,22S,22S,216.0,6,1,2,S,50.0,NxW_A library,A,2021,11809.9,2029475159.4876351,2684055083.8797584,21.43104305444801,21.710594578900302,0.243877232,3.1885106910017,0.7255409004643498,100,42.66423554,0.0,23.51298056,0.0,164.4359556,0.0,17.19308627,316.8317918,0.0,0.0,0.0,46.172256649999994
barcode38A,2021-09-23,35S,35S,316.0,6,1,3,S,38.0,NxW_A library,A,2021,12024.2,3374921232.661392,3765636683.305685,21.93963782252786,22.049182789693173,0.103758138,2.0086750137543,1.2432946679656496,100,30.532561700000002,0.0,0.0,0.0,15.7500384,0.0,0.0,180.31631529,0.0,16.04374603,0.0,0.0
barcode47A,2021-09-23,35N,35N,316.0,6,1,3,N,47.0,NxW_A library,A,2021,12024.2,1437886046.3967607,1604350463.1529481,21.086439848596747,21.195984815762067,0.103758138,2.7235218350512493,1.7376260890594497,100,21.05863073,0.0,14.18167867,0.0,15.49116822,0.0,0.0,178.31228142,0.0,0.0,0.0,16.51344507
barcode54A,2021-09-23,8S,8S,121.0,1,2,1,S,54.0,NxW_A library,A,2021,6151.9,1859615584.7833192,2009918739.1598337,21.34363562846365,21.42136012992146,0.074780712,6.2896101327772,1.9984408361546493,100,0.0,0.0,35.65156457,18.85189493,84.153713,0.0,0.0,685.87356926,0.0,264.9886626,0.0,61.50806541
barcode62A,2021-09-23,8N,8N,121.0,1,2,1,N,62.0,NxW_A library,A,2021,6151.9,1832984676.9236946,1981135392.1144085,21.32921144620749,21.406935947665303,0.074780712,3.7932269070598497,0.8705265781531498,100,48.440686510000006,0.0,17.77871103,0.0,0.0,0.0,0.0,169.05903260000002,0.0,0.0,0.0,17.87931015
barcode44B,2021-09-23,14N,14N,221.0,1,2,2,N,44.0,NxW_B library,B,2021,5404.9,540585722.3025466,590053094.9413811,20.108163780622753,20.195723082241123,0.08383546,3.5439960628926004,1.8349011197943,100,15.1209843,0.0,0.0,0.0,13.64398077,0.0,0.0,131.13885449999998,91.32685390000002,277.1981456,0.0,0.0
barcode55A,2021-09-23,14S,14S,221.0,1,2,2,S,55.0,NxW_A library,A,2021,5404.9,2355611760.911316,2571166704.303264,21.580066301767737,21.667625603386107,0.08383546,2.5800183503479994,3.8912561600014,100,0.0,0.0,15.51605442,15.80312738,37.3972577,0.0,0.0,482.44854353,0.0,229.49574790000003,0.0,0.0
barcode39A,2021-09-23,30S,30S,321.0,1,2,3,S,39.0,NxW_A library,A,2021,3118.4,2869886427.93043,3133232672.664203,21.777538293785266,21.865331111292747,0.08404937400000001,2.5773538948701,1.0990466048490997,100,34.92526993,0.0,24.06430614,0.0,0.0,0.0,0.0,533.2509855000001,0.0,0.0,0.0,18.01058826
barcode42B,2021-09-23,10N,10N,125.0,5,2,1,N,42.0,NxW_B library,B,2021,5875.5,703795704.2027291,780760112.1076849,20.37199867911436,20.47577850583057,0.098576255,4.480475730371249,14.247307010441098,100,14.43329679,11.74537581,23.92624645,0.0,15.62690792,0.0,0.0,412.06194075999997,0.0,0.0,0.0,12.35002003
barcode56A,2021-09-23,10S,10S,125.0,5,2,1,S,56.0,NxW_A library,A,2021,5875.5,9324504864.731674,10344197073.188564,22.955911703450656,23.059691530166866,0.098576255,8.41496196523115,16.0413029471056,100,0.0,0.0,0.0,0.0,0.0,0.0,0.0,109.9828137,0.0,0.0,0.0,15.95680141
barcode40A,2021-09-23,15N,15N,225.0,5,2,2,N,40.0,NxW_A library,A,2021,5231.1,5249048300.481204,5741568359.645737,22.381312621018623,22.470998243344198,0.08578145,4.353171243987549,3.436598346628449,100,0.0,0.0,0.0,0.0,0.0,14.01525985,0.0,398.00831697,0.0,0.0,0.0,0.0
barcode43A,2021-09-23,15S,15S,225.0,5,2,2,S,43.0,NxW_A library,A,2021,5231.1,4940089908.416469,5403620292.343082,22.320649368064927,22.410334990390506,0.08578145,7.153211647927799,8.60533128085955,100,0.0,0.0,0.0,0.0,0.0,0.0,0.0,135.20458703999998,0.0,0.0,0.0,0.0
barcode41A,2021-09-23,28S,28S,325.0,5,2,3,S,41.0,NxW_A library,A,2021,7379.9,3362259266.440237,3600232060.2593107,21.9358789856877,22.00426414151409,0.066099293,3.0326104192373493,1.0205728050447995,100,0.0,0.0,0.0,0.0,0.0,0.0,0.0,286.07290503,0.0,0.0,0.0,0.0
barcode44A,2021-09-23,28N,28N,325.0,5,2,3,N,44.0,NxW_A library,A,2021,7379.9,702374610.8569405,752087031.94283,20.369977453357606,20.438362609183983,0.066099293,9.442782800601748,5.1592374718784,100,0.0,0.0,13.20776205,0.0,0.0,0.0,0.0,198.7364024,0.0,160.87552699,0.0,0.0
barcode48A,2021-09-23,9S,9S,126.0,6,2,1,S,48.0,NxW_A library,A,2021,7198.9,2363603958.2382765,2635441826.213305,21.583453392099422,21.692316680865968,0.103146981,4.0320475497391985,5.6870967019278975,100,20.09824237,0.0,17.41092787,0.0,0.0,0.0,0.0,377.57027128,0.0,0.0,0.0,28.40098134
barcode45B,2021-09-23,13N,13N,226.0,6,2,2,N,45.0,NxW_B library,B,2021,7105.1,508481376.09685636,542189942.3682339,20.046939147603915,20.111126945185514,0.062171139,31.624874269644195,25.387399988168102,100,0.0,0.0,0.0,0.0,0.0,0.0,0.0,71.46252347000001,0.0,0.0,0.0,0.0
barcode53A,2021-09-23,13S,13S,226.0,6,2,2,S,53.0,NxW_A library,A,2021,7105.1,1724806253.2564113,1839148191.0860188,21.268380564168908,21.33256836175051,0.062171139,6.5990950663360515,4.2234608149699495,100,13.22245661,0.0,14.90648049,0.0,0.0,0.0,0.0,323.29959517000003,0.0,107.78545951,0.0,0.0
barcode42A,2021-09-23,26N,26N,326.0,6,2,3,N,42.0,NxW_A library,A,2021,7181.9,2182804227.443768,2345915061.2152534,21.50387622998135,21.57594138073165,0.069529727,2.6805209975556,2.48297453303455,100,0.0,0.0,0.0,0.0,0.0,0.0,0.0,244.04472011000001,0.0,0.0,0.0,15.81014209
barcode45A,2021-09-23,26S,26S,326.0,6,2,3,S,45.0,NxW_A library,A,2021,7181.9,3404931251.897573,3659365968.6939545,21.94849058600561,22.020555736755906,0.069529727,2.1338957861872,1.3970781394080498,100,29.12824151,0.0,20.42872787,0.0,0.0,0.0,0.0,272.30632787999997,0.0,29.27665398,0.0,0.0
